,x location,y location,Time to report,Outcome,x location,y location,Time to report,Age
0,1,6,1,0,1,6,1,8
1,1,6,2,0,1,6,2,10
2,1,6,3,1,1,6,3,8
3,1,6,4,1,1,6,4,7
4,1,6,5,0,1,6,5,9
5,1,6,6,1,1,6,6,15
6,1,6,7,0,1,6,7,5
7,1,7,1,1,1,7,1,46
8,1,7,2,1,1,7,2,61
9,1,7,3,2,1,7,3,55
10,1,7,4,2,1,7,4,36
11,1,7,5,1,1,7,5,62
12,1,7,6,1,1,7,6,53
13,1,7,7,1,1,7,7,57
14,1,8,1,3,1,8,1,73
15,1,8,2,3,1,8,2,82
16,1,8,3,0,1,8,3,69
17,1,8,4,3,1,8,4,67
18,1,8,5,0,1,8,5,47
19,1,8,6,0,1,8,6,55
20,1,8,7,1,1,8,7,80
21,1,9,1,0,1,9,1,24
22,1,9,2,0,1,9,2,20
23,1,9,3,0,1,9,3,18
24,1,9,4,0,1,9,4,17
25,1,9,5,0,1,9,5,17
26,1,9,6,0,1,9,6,24
27,1,9,7,0,1,9,7,22
28,1,10,1,0,1,10,1,4
29,1,10,2,0,1,10,2,4
30,1,10,3,0,1,10,3,2
31,1,10,4,0,1,10,4,8
32,1,10,5,0,1,10,5,6
33,1,10,6,0,1,10,6,7
34,1,10,7,0,1,10,7,8
35,1,13,2,0,1,13,2,1
36,1,13,3,0,1,13,3,1
37,1,13,5,0,1,13,5,1
38,1,13,6,0,1,13,6,3
39,1,18,1,2,1,18,1,50
40,1,18,2,0,1,18,2,33
41,1,18,3,1,1,18,3,45
42,1,18,4,1,1,18,4,34
43,1,18,5,0,1,18,5,32
44,1,18,6,0,1,18,6,44
45,1,18,7,1,1,18,7,35
46,1,19,1,3,1,19,1,219
47,1,19,2,3,1,19,2,202
48,1,19,3,4,1,19,3,204
49,1,19,4,3,1,19,4,200
50,1,19,5,8,1,19,5,178
51,1,19,6,6,1,19,6,215
52,1,19,7,10,1,19,7,221
53,1,20,1,5,1,20,1,226
54,1,20,2,10,1,20,2,198
55,1,20,3,5,1,20,3,204
56,1,20,4,8,1,20,4,225
57,1,20,5,3,1,20,5,205
58,1,20,6,4,1,20,6,206
59,1,20,7,6,1,20,7,207
60,2,5,1,1,2,5,1,13
61,2,5,2,0,2,5,2,13
62,2,5,3,1,2,5,3,16
63,2,5,4,0,2,5,4,12
64,2,5,5,1,2,5,5,10
65,2,5,6,0,2,5,6,19
66,2,5,7,2,2,5,7,17
67,2,6,1,2,2,6,1,98
68,2,6,2,3,2,6,2,101
69,2,6,3,0,2,6,3,99
70,2,6,4,1,2,6,4,87
71,2,6,5,0,2,6,5,93
72,2,6,6,1,2,6,6,96
73,2,6,7,1,2,6,7,91
74,2,7,1,6,2,7,1,59
75,2,7,2,0,2,7,2,63
76,2,7,3,1,2,7,3,59
77,2,7,4,0,2,7,4,50
78,2,7,5,0,2,7,5,78
79,2,7,6,1,2,7,6,54
80,2,7,7,1,2,7,7,68
81,2,8,1,3,2,8,1,62
82,2,8,2,1,2,8,2,74
83,2,8,3,2,2,8,3,74
84,2,8,4,1,2,8,4,75
85,2,8,5,1,2,8,5,82
86,2,8,6,2,2,8,6,67
87,2,8,7,3,2,8,7,78
88,2,9,1,3,2,9,1,120
89,2,9,2,3,2,9,2,105
90,2,9,3,6,2,9,3,101
91,2,9,4,3,2,9,4,101
92,2,9,5,3,2,9,5,118
93,2,9,6,2,2,9,6,102
94,2,9,7,2,2,9,7,100
95,2,10,1,0,2,10,1,18
96,2,10,2,0,2,10,2,6
97,2,10,3,0,2,10,3,8
98,2,10,4,0,2,10,4,7
99,2,10,5,0,2,10,5,7
100,2,10,6,0,2,10,6,12
101,2,10,7,0,2,10,7,9
102,2,14,1,0,2,14,1,1
103,2,14,2,1,2,14,2,5
104,2,14,3,0,2,14,3,1
105,2,14,4,0,2,14,4,3
106,2,14,5,0,2,14,5,1
107,2,14,6,0,2,14,6,1
108,2,14,7,0,2,14,7,4
109,2,15,1,1,2,15,1,49
110,2,15,2,0,2,15,2,49
111,2,15,3,0,2,15,3,49
112,2,15,4,1,2,15,4,47
113,2,15,5,0,2,15,5,45
114,2,15,6,2,2,15,6,45
115,2,15,7,2,2,15,7,42
116,2,16,1,7,2,16,1,149
117,2,16,2,4,2,16,2,164
118,2,16,3,5,2,16,3,154
119,2,16,4,4,2,16,4,149
120,2,16,5,6,2,16,5,161
121,2,16,6,1,2,16,6,169
122,2,16,7,2,2,16,7,171
123,2,17,1,0,2,17,1,73
124,2,17,2,2,2,17,2,61
125,2,17,3,2,2,17,3,80
126,2,17,4,2,2,17,4,63
127,2,17,5,1,2,17,5,79
128,2,17,6,1,2,17,6,79
129,2,17,7,2,2,17,7,62
130,2,18,1,3,2,18,1,132
131,2,18,2,3,2,18,2,145
132,2,18,3,4,2,18,3,133
133,2,18,4,5,2,18,4,123
134,2,18,5,6,2,18,5,153
135,2,18,6,3,2,18,6,140
136,2,18,7,5,2,18,7,140
137,2,19,1,1,2,19,1,231
138,2,19,2,4,2,19,2,238
139,2,19,3,1,2,19,3,238
140,2,19,4,7,2,19,4,263
141,2,19,5,3,2,19,5,245
142,2,19,6,9,2,19,6,270
143,2,19,7,7,2,19,7,274
144,2,20,1,10,2,20,1,271
145,2,20,2,3,2,20,2,243
146,2,20,3,3,2,20,3,230
147,2,20,4,7,2,20,4,278
148,2,20,5,3,2,20,5,271
149,2,20,6,6,2,20,6,253
150,2,20,7,4,2,20,7,243
151,3,6,1,1,3,6,1,25
152,3,6,2,0,3,6,2,41
153,3,6,3,0,3,6,3,25
154,3,6,4,2,3,6,4,26
155,3,6,5,1,3,6,5,27
156,3,6,6,0,3,6,6,27
157,3,6,7,1,3,6,7,26
158,3,7,1,1,3,7,1,166
159,3,7,2,2,3,7,2,187
160,3,7,3,4,3,7,3,155
161,3,7,4,3,3,7,4,184
162,3,7,5,5,3,7,5,167
163,3,7,6,4,3,7,6,183
164,3,7,7,3,3,7,7,164
165,3,8,1,8,3,8,1,164
166,3,8,2,4,3,8,2,177
167,3,8,3,2,3,8,3,198
168,3,8,4,3,3,8,4,178
169,3,8,5,3,3,8,5,199
170,3,8,6,3,3,8,6,180
171,3,8,7,4,3,8,7,173
172,3,9,1,0,3,9,1,53
173,3,9,2,1,3,9,2,54
174,3,9,3,0,3,9,3,42
175,3,9,4,1,3,9,4,58
176,3,9,5,1,3,9,5,45
177,3,9,6,2,3,9,6,44
178,3,9,7,1,3,9,7,43
179,3,10,1,5,3,10,1,155
180,3,10,2,6,3,10,2,158
181,3,10,3,6,3,10,3,123
182,3,10,4,3,3,10,4,174
183,3,10,5,3,3,10,5,142
184,3,10,6,4,3,10,6,156
185,3,10,7,5,3,10,7,165
186,3,11,1,2,3,11,1,101
187,3,11,2,3,3,11,2,107
188,3,11,3,3,3,11,3,110
189,3,11,4,3,3,11,4,88
190,3,11,5,2,3,11,5,98
191,3,11,6,0,3,11,6,115
192,3,11,7,1,3,11,7,91
193,3,15,1,1,3,15,1,16
194,3,15,2,0,3,15,2,12
195,3,15,3,0,3,15,3,21
196,3,15,4,0,3,15,4,18
197,3,15,5,0,3,15,5,12
198,3,15,6,0,3,15,6,11
199,3,15,7,0,3,15,7,10
200,3,16,1,5,3,16,1,230
201,3,16,2,7,3,16,2,245
202,3,16,3,4,3,16,3,229
203,3,16,4,11,3,16,4,234
204,3,16,5,8,3,16,5,244
205,3,16,6,8,3,16,6,228
206,3,16,7,2,3,16,7,260
207,3,17,1,11,3,17,1,592
208,3,17,2,16,3,17,2,584
209,3,17,3,17,3,17,3,611
210,3,17,4,21,3,17,4,614
211,3,17,5,10,3,17,5,576
212,3,17,6,14,3,17,6,542
213,3,17,7,10,3,17,7,577
214,3,18,1,2,3,18,1,252
215,3,18,2,10,3,18,2,277
216,3,18,3,12,3,18,3,286
217,3,18,4,7,3,18,4,273
218,3,18,5,7,3,18,5,249
219,3,18,6,7,3,18,6,266
220,3,18,7,5,3,18,7,270
221,3,19,1,1,3,19,1,127
222,3,19,2,5,3,19,2,127
223,3,19,3,3,3,19,3,137
224,3,19,4,3,3,19,4,137
225,3,19,5,4,3,19,5,132
226,3,19,6,1,3,19,6,127
227,3,19,7,4,3,19,7,150
228,3,20,1,2,3,20,1,85
229,3,20,2,0,3,20,2,90
230,3,20,3,7,3,20,3,90
231,3,20,4,9,3,20,4,104
232,3,20,5,5,3,20,5,104
233,3,20,6,4,3,20,6,81
234,3,20,7,5,3,20,7,91
235,4,1,3,0,4,1,3,1
236,4,1,4,0,4,1,4,1
237,4,7,1,2,4,7,1,71
238,4,7,2,1,4,7,2,88
239,4,7,3,1,4,7,3,58
240,4,7,4,1,4,7,4,75
241,4,7,5,3,4,7,5,68
242,4,7,6,2,4,7,6,70
243,4,7,7,4,4,7,7,72
244,4,8,1,7,4,8,1,169
245,4,8,2,3,4,8,2,176
246,4,8,3,4,4,8,3,171
247,4,8,4,3,4,8,4,182
248,4,8,5,3,4,8,5,171
249,4,8,6,5,4,8,6,174
250,4,8,7,3,4,8,7,184
251,4,9,1,2,4,9,1,121
252,4,9,2,0,4,9,2,95
253,4,9,3,5,4,9,3,120
254,4,9,4,3,4,9,4,110
255,4,9,5,1,4,9,5,107
256,4,9,6,3,4,9,6,105
257,4,9,7,3,4,9,7,105
258,4,10,1,3,4,10,1,47
259,4,10,2,1,4,10,2,67
260,4,10,3,0,4,10,3,58
261,4,10,4,3,4,10,4,50
262,4,10,5,1,4,10,5,58
263,4,10,6,2,4,10,6,61
264,4,10,7,1,4,10,7,57
265,4,11,1,2,4,11,1,53
266,4,11,2,0,4,11,2,74
267,4,11,3,1,4,11,3,71
268,4,11,4,0,4,11,4,71
269,4,11,5,2,4,11,5,63
270,4,11,6,1,4,11,6,59
271,4,11,7,1,4,11,7,59
272,4,12,1,0,4,12,1,22
273,4,12,2,0,4,12,2,31
274,4,12,3,0,4,12,3,20
275,4,12,4,3,4,12,4,27
276,4,12,5,0,4,12,5,33
277,4,12,6,1,4,12,6,21
278,4,12,7,2,4,12,7,26
279,4,13,1,1,4,13,1,10
280,4,13,2,0,4,13,2,3
281,4,13,3,0,4,13,3,3
282,4,13,4,0,4,13,4,6
283,4,13,5,0,4,13,5,7
284,4,13,7,0,4,13,7,5
285,4,16,1,2,4,16,1,66
286,4,16,2,2,4,16,2,68
287,4,16,3,3,4,16,3,63
288,4,16,4,1,4,16,4,60
289,4,16,5,1,4,16,5,51
290,4,16,6,0,4,16,6,59
291,4,16,7,0,4,16,7,65
292,4,17,1,6,4,17,1,419
293,4,17,2,9,4,17,2,389
294,4,17,3,9,4,17,3,415
295,4,17,4,12,4,17,4,411
296,4,17,5,3,4,17,5,415
297,4,17,6,8,4,17,6,413
298,4,17,7,13,4,17,7,396
299,4,18,1,10,4,18,1,704
300,4,18,2,16,4,18,2,703
301,4,18,3,18,4,18,3,771
302,4,18,4,16,4,18,4,715
303,4,18,5,18,4,18,5,701
304,4,18,6,20,4,18,6,751
305,4,18,7,12,4,18,7,702
306,4,19,1,5,4,19,1,371
307,4,19,2,5,4,19,2,386
308,4,19,3,9,4,19,3,407
309,4,19,4,10,4,19,4,413
310,4,19,5,9,4,19,5,376
311,4,19,6,14,4,19,6,411
312,4,19,7,9,4,19,7,370
313,4,20,1,1,4,20,1,155
314,4,20,2,2,4,20,2,146
315,4,20,3,2,4,20,3,117
316,4,20,4,6,4,20,4,159
317,4,20,5,2,4,20,5,132
318,4,20,6,2,4,20,6,138
319,4,20,7,3,4,20,7,149
320,5,1,1,0,5,1,1,1
321,5,1,2,0,5,1,2,2
322,5,1,3,0,5,1,3,1
323,5,1,4,0,5,1,4,2
324,5,1,5,0,5,1,5,1
325,5,1,6,0,5,1,6,2
326,5,1,7,0,5,1,7,4
327,5,8,1,1,5,8,1,53
328,5,8,2,0,5,8,2,70
329,5,8,3,1,5,8,3,84
330,5,8,4,4,5,8,4,68
331,5,8,5,0,5,8,5,71
332,5,8,6,1,5,8,6,56
333,5,8,7,2,5,8,7,75
334,5,9,1,6,5,9,1,267
335,5,9,2,6,5,9,2,245
336,5,9,3,3,5,9,3,264
337,5,9,4,2,5,9,4,210
338,5,9,5,12,5,9,5,278
339,5,9,6,9,5,9,6,274
340,5,9,7,6,5,9,7,262
341,5,10,1,8,5,10,1,309
342,5,10,2,7,5,10,2,353
343,5,10,3,9,5,10,3,332
344,5,10,4,15,5,10,4,294
345,5,10,5,10,5,10,5,273
346,5,10,6,8,5,10,6,336
347,5,10,7,8,5,10,7,290
348,5,11,1,5,5,11,1,417
349,5,11,2,8,5,11,2,434
350,5,11,3,9,5,11,3,421
351,5,11,4,8,5,11,4,399
352,5,11,5,16,5,11,5,389
353,5,11,6,9,5,11,6,399
354,5,11,7,10,5,11,7,431
355,5,12,1,6,5,12,1,139
356,5,12,2,2,5,12,2,123
357,5,12,3,2,5,12,3,143
358,5,12,4,1,5,12,4,116
359,5,12,5,5,5,12,5,142
360,5,12,6,2,5,12,6,132
361,5,12,7,6,5,12,7,112
362,5,13,1,0,5,13,1,40
363,5,13,2,0,5,13,2,37
364,5,13,3,0,5,13,3,33
365,5,13,4,1,5,13,4,37
366,5,13,5,0,5,13,5,34
367,5,13,6,1,5,13,6,47
368,5,13,7,1,5,13,7,38
369,5,14,1,4,5,14,1,107
370,5,14,2,2,5,14,2,117
371,5,14,3,5,5,14,3,111
372,5,14,4,3,5,14,4,115
373,5,14,5,2,5,14,5,115
374,5,14,6,2,5,14,6,107
375,5,14,7,3,5,14,7,114
376,5,15,1,1,5,15,1,9
377,5,15,2,0,5,15,2,7
378,5,15,3,1,5,15,3,6
379,5,15,4,0,5,15,4,3
380,5,15,5,0,5,15,5,5
381,5,15,6,0,5,15,6,7
382,5,15,7,0,5,15,7,7
383,5,16,1,1,5,16,1,7
384,5,16,2,0,5,16,2,5
385,5,16,3,0,5,16,3,17
386,5,16,4,0,5,16,4,10
387,5,16,5,0,5,16,5,10
388,5,16,6,0,5,16,6,5
389,5,16,7,0,5,16,7,17
390,5,17,1,3,5,17,1,141
391,5,17,2,5,5,17,2,115
392,5,17,3,3,5,17,3,128
393,5,17,4,6,5,17,4,121
394,5,17,5,2,5,17,5,129
395,5,17,6,3,5,17,6,115
396,5,17,7,1,5,17,7,118
397,5,18,1,3,5,18,1,229
398,5,18,2,3,5,18,2,241
399,5,18,3,6,5,18,3,247
400,5,18,4,7,5,18,4,256
401,5,18,5,10,5,18,5,299
402,5,18,6,14,5,18,6,281
403,5,18,7,10,5,18,7,241
404,5,19,1,12,5,19,1,550
405,5,19,2,17,5,19,2,551
406,5,19,3,17,5,19,3,560
407,5,19,4,11,5,19,4,579
408,5,19,5,14,5,19,5,554
409,5,19,6,12,5,19,6,507
410,5,19,7,15,5,19,7,532
411,5,20,1,12,5,20,1,513
412,5,20,2,11,5,20,2,531
413,5,20,3,15,5,20,3,487
414,5,20,4,18,5,20,4,526
415,5,20,5,12,5,20,5,522
416,5,20,6,15,5,20,6,539
417,5,20,7,17,5,20,7,544
418,6,2,1,0,6,2,1,4
419,6,2,2,0,6,2,2,4
420,6,2,3,0,6,2,3,4
421,6,2,4,0,6,2,4,5
422,6,2,5,0,6,2,5,1
423,6,2,6,0,6,2,6,5
424,6,2,7,0,6,2,7,11
425,6,7,1,0,6,7,1,3
426,6,7,2,0,6,7,2,7
427,6,7,3,0,6,7,3,4
428,6,7,4,0,6,7,4,6
429,6,7,5,0,6,7,5,5
430,6,7,6,0,6,7,6,3
431,6,7,7,0,6,7,7,8
432,6,8,1,0,6,8,1,23
433,6,8,2,0,6,8,2,27
434,6,8,3,1,6,8,3,24
435,6,8,4,1,6,8,4,22
436,6,8,5,0,6,8,5,28
437,6,8,6,0,6,8,6,19
438,6,8,7,0,6,8,7,30
439,6,9,1,10,6,9,1,258
440,6,9,2,2,6,9,2,218
441,6,9,3,4,6,9,3,214
442,6,9,4,5,6,9,4,226
443,6,9,5,10,6,9,5,270
444,6,9,6,9,6,9,6,239
445,6,9,7,4,6,9,7,235
446,6,10,1,11,6,10,1,367
447,6,10,2,14,6,10,2,375
448,6,10,3,10,6,10,3,381
449,6,10,4,7,6,10,4,363
450,6,10,5,3,6,10,5,380
451,6,10,6,6,6,10,6,363
452,6,10,7,5,6,10,7,418
453,6,11,1,17,6,11,1,746
454,6,11,2,23,6,11,2,761
455,6,11,3,17,6,11,3,743
456,6,11,4,16,6,11,4,761
457,6,11,5,17,6,11,5,753
458,6,11,6,14,6,11,6,766
459,6,11,7,26,6,11,7,749
460,6,12,1,25,6,12,1,802
461,6,12,2,19,6,12,2,807
462,6,12,3,24,6,12,3,832
463,6,12,4,21,6,12,4,797
464,6,12,5,24,6,12,5,823
465,6,12,6,13,6,12,6,783
466,6,12,7,16,6,12,7,831
467,6,13,1,9,6,13,1,441
468,6,13,2,13,6,13,2,393
469,6,13,3,11,6,13,3,420
470,6,13,4,11,6,13,4,392
471,6,13,5,13,6,13,5,432
472,6,13,6,10,6,13,6,446
473,6,13,7,8,6,13,7,440
474,6,14,1,5,6,14,1,174
475,6,14,2,10,6,14,2,192
476,6,14,3,6,6,14,3,195
477,6,14,4,1,6,14,4,148
478,6,14,5,7,6,14,5,171
479,6,14,6,6,6,14,6,190
480,6,14,7,1,6,14,7,155
481,6,15,1,20,6,15,1,473
482,6,15,2,10,6,15,2,500
483,6,15,3,11,6,15,3,503
484,6,15,4,9,6,15,4,533
485,6,15,5,11,6,15,5,473
486,6,15,6,8,6,15,6,538
487,6,15,7,9,6,15,7,463
488,6,16,1,7,6,16,1,236
489,6,16,2,4,6,16,2,249
490,6,16,3,4,6,16,3,254
491,6,16,4,4,6,16,4,269
492,6,16,5,5,6,16,5,256
493,6,16,6,5,6,16,6,226
494,6,16,7,5,6,16,7,254
495,6,17,1,2,6,17,1,85
496,6,17,2,3,6,17,2,84
497,6,17,3,5,6,17,3,83
498,6,17,4,3,6,17,4,65
499,6,17,5,2,6,17,5,76
500,6,17,6,2,6,17,6,90
501,6,17,7,2,6,17,7,77
502,6,18,1,4,6,18,1,219
503,6,18,2,4,6,18,2,219
504,6,18,3,10,6,18,3,208
505,6,18,4,4,6,18,4,205
506,6,18,5,7,6,18,5,232
507,6,18,6,3,6,18,6,198
508,6,18,7,8,6,18,7,231
509,6,19,1,5,6,19,1,395
510,6,19,2,9,6,19,2,380
511,6,19,3,7,6,19,3,382
512,6,19,4,14,6,19,4,369
513,6,19,5,7,6,19,5,374
514,6,19,6,6,6,19,6,376
515,6,19,7,6,6,19,7,340
516,6,20,1,16,6,20,1,335
517,6,20,2,13,6,20,2,326
518,6,20,3,8,6,20,3,345
519,6,20,4,11,6,20,4,323
520,6,20,5,15,6,20,5,360
521,6,20,6,13,6,20,6,346
522,6,20,7,10,6,20,7,342
523,7,1,1,0,7,1,1,3
524,7,1,2,0,7,1,2,4
525,7,1,3,0,7,1,3,1
526,7,1,4,0,7,1,4,5
527,7,1,5,0,7,1,5,1
528,7,1,6,0,7,1,6,2
529,7,1,7,0,7,1,7,1
530,7,3,1,0,7,3,1,4
531,7,3,2,0,7,3,2,7
532,7,3,3,0,7,3,3,3
533,7,3,4,0,7,3,4,10
534,7,3,5,1,7,3,5,9
535,7,3,6,0,7,3,6,5
536,7,3,7,0,7,3,7,6
537,7,4,1,1,7,4,1,19
538,7,4,2,0,7,4,2,16
539,7,4,3,0,7,4,3,9
540,7,4,4,1,7,4,4,17
541,7,4,5,0,7,4,5,11
542,7,4,6,0,7,4,6,8
543,7,4,7,0,7,4,7,15
544,7,5,1,0,7,5,1,10
545,7,5,2,0,7,5,2,7
546,7,5,3,0,7,5,3,13
547,7,5,4,1,7,5,4,11
548,7,5,5,1,7,5,5,17
549,7,5,6,0,7,5,6,20
550,7,5,7,0,7,5,7,22
551,7,6,1,0,7,6,1,17
552,7,6,2,1,7,6,2,23
553,7,6,3,1,7,6,3,21
554,7,6,4,1,7,6,4,22
555,7,6,5,0,7,6,5,10
556,7,6,6,1,7,6,6,34
557,7,6,7,0,7,6,7,28
558,7,7,1,5,7,7,1,229
559,7,7,2,6,7,7,2,198
560,7,7,3,6,7,7,3,189
561,7,7,4,6,7,7,4,213
562,7,7,5,3,7,7,5,219
563,7,7,6,2,7,7,6,197
564,7,7,7,8,7,7,7,193
565,7,8,1,2,7,8,1,52
566,7,8,2,0,7,8,2,66
567,7,8,3,1,7,8,3,62
568,7,8,4,1,7,8,4,58
569,7,8,5,1,7,8,5,71
570,7,8,6,2,7,8,6,65
571,7,8,7,2,7,8,7,65
572,7,9,1,3,7,9,1,104
573,7,9,2,3,7,9,2,106
574,7,9,3,1,7,9,3,94
575,7,9,4,1,7,9,4,97
576,7,9,5,3,7,9,5,118
577,7,9,6,0,7,9,6,115
578,7,9,7,1,7,9,7,120
579,7,10,1,5,7,10,1,365
580,7,10,2,5,7,10,2,380
581,7,10,3,7,7,10,3,382
582,7,10,4,9,7,10,4,376
583,7,10,5,11,7,10,5,379
584,7,10,6,12,7,10,6,362
585,7,10,7,5,7,10,7,375
586,7,11,1,4,7,11,1,368
587,7,11,2,4,7,11,2,361
588,7,11,3,11,7,11,3,414
589,7,11,4,11,7,11,4,410
590,7,11,5,14,7,11,5,377
591,7,11,6,7,7,11,6,437
592,7,11,7,12,7,11,7,374
593,7,12,1,12,7,12,1,973
594,7,12,2,23,7,12,2,970
595,7,12,3,19,7,12,3,958
596,7,12,4,17,7,12,4,913
597,7,12,5,30,7,12,5,920
598,7,12,6,24,7,12,6,895
599,7,12,7,17,7,12,7,882
600,7,13,1,19,7,13,1,948
601,7,13,2,23,7,13,2,961
602,7,13,3,17,7,13,3,918
603,7,13,4,26,7,13,4,949
604,7,13,5,18,7,13,5,1011
605,7,13,6,15,7,13,6,957
606,7,13,7,26,7,13,7,902
607,7,14,1,18,7,14,1,839
608,7,14,2,19,7,14,2,924
609,7,14,3,12,7,14,3,836
610,7,14,4,29,7,14,4,868
611,7,14,5,25,7,14,5,885
612,7,14,6,24,7,14,6,881
613,7,14,7,21,7,14,7,843
614,7,15,1,30,7,15,1,1042
615,7,15,2,26,7,15,2,1007
616,7,15,3,28,7,15,3,1055
617,7,15,4,36,7,15,4,1057
618,7,15,5,21,7,15,5,1014
619,7,15,6,19,7,15,6,1050
620,7,15,7,24,7,15,7,981
621,7,16,1,30,7,16,1,713
622,7,16,2,16,7,16,2,716
623,7,16,3,20,7,16,3,786
624,7,16,4,13,7,16,4,764
625,7,16,5,14,7,16,5,661
626,7,16,6,21,7,16,6,782
627,7,16,7,18,7,16,7,790
628,7,17,1,5,7,17,1,221
629,7,17,2,5,7,17,2,220
630,7,17,3,5,7,17,3,218
631,7,17,4,6,7,17,4,208
632,7,17,5,5,7,17,5,208
633,7,17,6,5,7,17,6,214
634,7,17,7,11,7,17,7,218
635,7,18,1,1,7,18,1,39
636,7,18,2,2,7,18,2,39
637,7,18,3,0,7,18,3,39
638,7,18,4,1,7,18,4,49
639,7,18,5,3,7,18,5,54
640,7,18,6,1,7,18,6,39
641,7,18,7,0,7,18,7,46
642,7,19,1,3,7,19,1,92
643,7,19,2,5,7,19,2,97
644,7,19,3,3,7,19,3,113
645,7,19,4,2,7,19,4,120
646,7,19,5,4,7,19,5,107
647,7,19,6,4,7,19,6,119
648,7,19,7,3,7,19,7,103
649,7,20,1,8,7,20,1,350
650,7,20,2,7,7,20,2,357
651,7,20,3,7,7,20,3,355
652,7,20,4,9,7,20,4,361
653,7,20,5,11,7,20,5,352
654,7,20,6,7,7,20,6,360
655,7,20,7,13,7,20,7,355
656,8,1,2,0,8,1,2,3
657,8,1,3,0,8,1,3,2
658,8,1,6,0,8,1,6,1
659,8,2,1,0,8,2,1,1
660,8,2,2,0,8,2,2,3
661,8,2,4,0,8,2,4,1
662,8,2,6,0,8,2,6,1
663,8,2,7,1,8,2,7,2
664,8,3,1,0,8,3,1,10
665,8,3,2,0,8,3,2,16
666,8,3,3,0,8,3,3,15
667,8,3,4,0,8,3,4,11
668,8,3,5,1,8,3,5,16
669,8,3,6,0,8,3,6,12
670,8,3,7,0,8,3,7,15
671,8,4,1,0,8,4,1,17
672,8,4,2,2,8,4,2,24
673,8,4,3,0,8,4,3,22
674,8,4,4,0,8,4,4,22
675,8,4,5,1,8,4,5,30
676,8,4,6,0,8,4,6,25
677,8,4,7,2,8,4,7,24
678,8,5,1,2,8,5,1,34
679,8,5,2,0,8,5,2,34
680,8,5,3,1,8,5,3,31
681,8,5,4,0,8,5,4,23
682,8,5,5,1,8,5,5,24
683,8,5,6,0,8,5,6,24
684,8,5,7,0,8,5,7,33
685,8,6,1,8,8,6,1,220
686,8,6,2,5,8,6,2,218
687,8,6,3,4,8,6,3,190
688,8,6,4,6,8,6,4,206
689,8,6,5,4,8,6,5,191
690,8,6,6,6,8,6,6,196
691,8,6,7,4,8,6,7,218
692,8,7,1,11,8,7,1,273
693,8,7,2,2,8,7,2,265
694,8,7,3,3,8,7,3,231
695,8,7,4,6,8,7,4,262
696,8,7,5,5,8,7,5,253
697,8,7,6,9,8,7,6,232
698,8,7,7,2,8,7,7,254
699,8,8,1,16,8,8,1,663
700,8,8,2,16,8,8,2,648
701,8,8,3,10,8,8,3,670
702,8,8,4,14,8,8,4,696
703,8,8,5,15,8,8,5,648
704,8,8,6,15,8,8,6,620
705,8,8,7,10,8,8,7,670
706,8,9,1,3,8,9,1,155
707,8,9,2,5,8,9,2,174
708,8,9,3,9,8,9,3,178
709,8,9,4,7,8,9,4,172
710,8,9,5,1,8,9,5,162
711,8,9,6,4,8,9,6,177
712,8,9,7,8,8,9,7,173
713,8,10,1,2,8,10,1,153
714,8,10,2,2,8,10,2,161
715,8,10,3,0,8,10,3,168
716,8,10,4,5,8,10,4,184
717,8,10,5,4,8,10,5,174
718,8,10,6,8,8,10,6,169
719,8,10,7,5,8,10,7,160
720,8,11,1,7,8,11,1,361
721,8,11,2,13,8,11,2,410
722,8,11,3,12,8,11,3,341
723,8,11,4,10,8,11,4,410
724,8,11,5,6,8,11,5,350
725,8,11,6,5,8,11,6,364
726,8,11,7,9,8,11,7,398
727,8,12,1,12,8,12,1,978
728,8,12,2,26,8,12,2,1015
729,8,12,3,25,8,12,3,1008
730,8,12,4,23,8,12,4,1017
731,8,12,5,23,8,12,5,1039
732,8,12,6,30,8,12,6,1049
733,8,12,7,19,8,12,7,974
734,8,13,1,39,8,13,1,1444
735,8,13,2,47,8,13,2,1437
736,8,13,3,44,8,13,3,1393
737,8,13,4,50,8,13,4,1459
738,8,13,5,23,8,13,5,1446
739,8,13,6,32,8,13,6,1409
740,8,13,7,32,8,13,7,1465
741,8,14,1,19,8,14,1,511
742,8,14,2,15,8,14,2,480
743,8,14,3,9,8,14,3,507
744,8,14,4,15,8,14,4,523
745,8,14,5,16,8,14,5,560
746,8,14,6,18,8,14,6,575
747,8,14,7,13,8,14,7,517
748,8,15,1,2,8,15,1,201
749,8,15,2,5,8,15,2,202
750,8,15,3,7,8,15,3,201
751,8,15,4,7,8,15,4,211
752,8,15,5,5,8,15,5,219
753,8,15,6,4,8,15,6,225
754,8,15,7,3,8,15,7,206
755,8,16,1,5,8,16,1,197
756,8,16,2,4,8,16,2,205
757,8,16,3,3,8,16,3,203
758,8,16,4,5,8,16,4,195
759,8,16,5,2,8,16,5,205
760,8,16,6,2,8,16,6,220
761,8,16,7,4,8,16,7,227
762,8,17,1,4,8,17,1,154
763,8,17,2,4,8,17,2,170
764,8,17,3,4,8,17,3,156
765,8,17,4,4,8,17,4,157
766,8,17,5,3,8,17,5,142
767,8,17,6,1,8,17,6,181
768,8,17,7,4,8,17,7,169
769,8,18,1,0,8,18,1,101
770,8,18,2,2,8,18,2,102
771,8,18,3,6,8,18,3,121
772,8,18,4,1,8,18,4,102
773,8,18,5,3,8,18,5,124
774,8,18,6,2,8,18,6,122
775,8,18,7,1,8,18,7,103
776,8,19,1,0,8,19,1,62
777,8,19,2,1,8,19,2,57
778,8,19,3,1,8,19,3,47
779,8,19,4,2,8,19,4,68
780,8,19,5,0,8,19,5,62
781,8,19,6,3,8,19,6,46
782,8,19,7,1,8,19,7,67
783,8,20,1,1,8,20,1,75
784,8,20,2,3,8,20,2,102
785,8,20,3,2,8,20,3,90
786,8,20,4,2,8,20,4,112
787,8,20,5,4,8,20,5,99
788,8,20,6,2,8,20,6,86
789,8,20,7,3,8,20,7,91
790,9,3,1,0,9,3,1,12
791,9,3,2,0,9,3,2,21
792,9,3,3,1,9,3,3,17
793,9,3,4,1,9,3,4,23
794,9,3,5,0,9,3,5,14
795,9,3,6,0,9,3,6,13
796,9,3,7,0,9,3,7,13
797,9,4,1,2,9,4,1,104
798,9,4,2,2,9,4,2,92
799,9,4,3,0,9,4,3,115
800,9,4,4,4,9,4,4,97
801,9,4,5,2,9,4,5,97
802,9,4,6,1,9,4,6,108
803,9,4,7,2,9,4,7,106
804,9,5,1,4,9,5,1,95
805,9,5,2,3,9,5,2,102
806,9,5,3,7,9,5,3,91
807,9,5,4,2,9,5,4,96
808,9,5,5,3,9,5,5,101
809,9,5,6,3,9,5,6,88
810,9,5,7,2,9,5,7,104
811,9,6,1,1,9,6,1,26
812,9,6,2,1,9,6,2,42
813,9,6,3,0,9,6,3,41
814,9,6,4,0,9,6,4,38
815,9,6,5,1,9,6,5,42
816,9,6,6,1,9,6,6,35
817,9,6,7,2,9,6,7,34
818,9,7,1,6,9,7,1,203
819,9,7,2,8,9,7,2,245
820,9,7,3,4,9,7,3,250
821,9,7,4,8,9,7,4,224
822,9,7,5,10,9,7,5,223
823,9,7,6,5,9,7,6,238
824,9,7,7,5,9,7,7,218
825,9,8,1,4,9,8,1,173
826,9,8,2,6,9,8,2,185
827,9,8,3,8,9,8,3,200
828,9,8,4,6,9,8,4,189
829,9,8,5,3,9,8,5,166
830,9,8,6,6,9,8,6,146
831,9,8,7,5,9,8,7,166
832,9,9,1,27,9,9,1,848
833,9,9,2,18,9,9,2,837
834,9,9,3,16,9,9,3,875
835,9,9,4,17,9,9,4,820
836,9,9,5,18,9,9,5,833
837,9,9,6,18,9,9,6,863
838,9,9,7,24,9,9,7,839
839,9,10,1,13,9,10,1,559
840,9,10,2,14,9,10,2,542
841,9,10,3,9,9,10,3,544
842,9,10,4,15,9,10,4,546
843,9,10,5,18,9,10,5,528
844,9,10,6,11,9,10,6,527
845,9,10,7,11,9,10,7,562
846,9,11,1,1,9,11,1,92
847,9,11,2,2,9,11,2,77
848,9,11,3,1,9,11,3,78
849,9,11,4,2,9,11,4,84
850,9,11,5,0,9,11,5,73
851,9,11,6,2,9,11,6,77
852,9,11,7,0,9,11,7,79
853,9,12,1,3,9,12,1,104
854,9,12,2,2,9,12,2,97
855,9,12,3,4,9,12,3,78
856,9,12,4,5,9,12,4,100
857,9,12,5,3,9,12,5,84
858,9,12,6,4,9,12,6,109
859,9,12,7,5,9,12,7,97
860,9,13,1,8,9,13,1,514
861,9,13,2,13,9,13,2,553
862,9,13,3,11,9,13,3,551
863,9,13,4,15,9,13,4,553
864,9,13,5,16,9,13,5,559
865,9,13,6,15,9,13,6,584
866,9,13,7,12,9,13,7,505
867,9,14,1,19,9,14,1,697
868,9,14,2,10,9,14,2,691
869,9,14,3,15,9,14,3,667
870,9,14,4,14,9,14,4,667
871,9,14,5,12,9,14,5,641
872,9,14,6,19,9,14,6,694
873,9,14,7,13,9,14,7,633
874,9,15,1,11,9,15,1,562
875,9,15,2,12,9,15,2,601
876,9,15,3,13,9,15,3,611
877,9,15,4,7,9,15,4,586
878,9,15,5,11,9,15,5,627
879,9,15,6,22,9,15,6,618
880,9,15,7,17,9,15,7,569
881,9,16,1,16,9,16,1,617
882,9,16,2,19,9,16,2,611
883,9,16,3,7,9,16,3,641
884,9,16,4,14,9,16,4,652
885,9,16,5,8,9,16,5,605
886,9,16,6,13,9,16,6,567
887,9,16,7,13,9,16,7,654
888,9,17,1,10,9,17,1,561
889,9,17,2,13,9,17,2,540
890,9,17,3,13,9,17,3,567
891,9,17,4,16,9,17,4,573
892,9,17,5,6,9,17,5,578
893,9,17,6,11,9,17,6,564
894,9,17,7,8,9,17,7,542
895,9,18,1,1,9,18,1,139
896,9,18,2,2,9,18,2,146
897,9,18,3,3,9,18,3,149
898,9,18,4,3,9,18,4,141
899,9,18,5,2,9,18,5,129
900,9,18,6,4,9,18,6,141
901,9,18,7,3,9,18,7,154
902,9,19,1,3,9,19,1,170
903,9,19,2,2,9,19,2,191
904,9,19,3,5,9,19,3,179
905,9,19,4,7,9,19,4,210
906,9,19,5,2,9,19,5,152
907,9,19,6,6,9,19,6,182
908,9,19,7,6,9,19,7,175
909,9,20,1,1,9,20,1,59
910,9,20,2,0,9,20,2,58
911,9,20,3,3,9,20,3,62
912,9,20,4,2,9,20,4,55
913,9,20,5,3,9,20,5,58
914,9,20,6,1,9,20,6,57
915,9,20,7,2,9,20,7,57
916,10,3,1,0,10,3,1,26
917,10,3,2,1,10,3,2,28
918,10,3,3,0,10,3,3,22
919,10,3,4,0,10,3,4,21
920,10,3,5,0,10,3,5,21
921,10,3,6,0,10,3,6,22
922,10,3,7,2,10,3,7,28
923,10,4,1,0,10,4,1,80
924,10,4,2,1,10,4,2,91
925,10,4,3,0,10,4,3,83
926,10,4,4,3,10,4,4,80
927,10,4,5,1,10,4,5,76
928,10,4,6,4,10,4,6,76
929,10,4,7,1,10,4,7,100
930,10,5,1,9,10,5,1,453
931,10,5,2,9,10,5,2,475
932,10,5,3,6,10,5,3,452
933,10,5,4,10,10,5,4,460
934,10,5,5,17,10,5,5,476
935,10,5,6,6,10,5,6,446
936,10,5,7,14,10,5,7,429
937,10,6,1,6,10,6,1,562
938,10,6,2,13,10,6,2,533
939,10,6,3,19,10,6,3,571
940,10,6,4,18,10,6,4,566
941,10,6,5,11,10,6,5,543
942,10,6,6,8,10,6,6,591
943,10,6,7,17,10,6,7,553
944,10,7,1,5,10,7,1,179
945,10,7,2,4,10,7,2,182
946,10,7,3,3,10,7,3,162
947,10,7,4,4,10,7,4,179
948,10,7,5,3,10,7,5,177
949,10,7,6,3,10,7,6,199
950,10,7,7,2,10,7,7,195
951,10,8,1,3,10,8,1,108
952,10,8,2,3,10,8,2,89
953,10,8,3,1,10,8,3,96
954,10,8,4,2,10,8,4,83
955,10,8,5,1,10,8,5,103
956,10,8,6,7,10,8,6,92
957,10,8,7,3,10,8,7,76
958,10,9,1,1,10,9,1,115
959,10,9,2,1,10,9,2,131
960,10,9,3,3,10,9,3,136
961,10,9,4,7,10,9,4,127
962,10,9,5,4,10,9,5,127
963,10,9,6,2,10,9,6,128
964,10,9,7,3,10,9,7,124
965,10,10,1,7,10,10,1,180
966,10,10,2,10,10,10,2,160
967,10,10,3,5,10,10,3,198
968,10,10,4,2,10,10,4,177
969,10,10,5,1,10,10,5,185
970,10,10,6,3,10,10,6,150
971,10,10,7,5,10,10,7,188
972,10,11,1,11,10,11,1,466
973,10,11,2,16,10,11,2,452
974,10,11,3,17,10,11,3,460
975,10,11,4,13,10,11,4,466
976,10,11,5,10,10,11,5,467
977,10,11,6,7,10,11,6,436
978,10,11,7,8,10,11,7,461
979,10,12,1,2,10,12,1,110
980,10,12,2,2,10,12,2,124
981,10,12,3,2,10,12,3,105
982,10,12,4,4,10,12,4,117
983,10,12,5,1,10,12,5,116
984,10,12,6,1,10,12,6,139
985,10,12,7,2,10,12,7,109
986,10,13,1,2,10,13,1,43
987,10,13,2,1,10,13,2,46
988,10,13,3,1,10,13,3,37
989,10,13,4,1,10,13,4,54
990,10,13,5,1,10,13,5,56
991,10,13,6,1,10,13,6,52
992,10,13,7,1,10,13,7,53
993,10,14,1,13,10,14,1,472
994,10,14,2,7,10,14,2,424
995,10,14,3,12,10,14,3,456
996,10,14,4,12,10,14,4,432
997,10,14,5,8,10,14,5,459
998,10,14,6,7,10,14,6,443
999,10,14,7,16,10,14,7,448
1000,10,15,1,14,10,15,1,847
1001,10,15,2,20,10,15,2,825
1002,10,15,3,22,10,15,3,809
1003,10,15,4,11,10,15,4,819
1004,10,15,5,24,10,15,5,844
1005,10,15,6,23,10,15,6,850
1006,10,15,7,17,10,15,7,855
1007,10,16,1,14,10,16,1,605
1008,10,16,2,11,10,16,2,638
1009,10,16,3,13,10,16,3,609
1010,10,16,4,12,10,16,4,599
1011,10,16,5,13,10,16,5,629
1012,10,16,6,13,10,16,6,645
1013,10,16,7,14,10,16,7,616
1014,10,17,1,14,10,17,1,722
1015,10,17,2,20,10,17,2,658
1016,10,17,3,20,10,17,3,681
1017,10,17,4,18,10,17,4,678
1018,10,17,5,11,10,17,5,685
1019,10,17,6,14,10,17,6,669
1020,10,17,7,14,10,17,7,697
1021,10,18,1,8,10,18,1,418
1022,10,18,2,6,10,18,2,423
1023,10,18,3,14,10,18,3,456
1024,10,18,4,11,10,18,4,479
1025,10,18,5,6,10,18,5,478
1026,10,18,6,12,10,18,6,455
1027,10,18,7,13,10,18,7,462
1028,10,19,1,1,10,19,1,109
1029,10,19,2,3,10,19,2,115
1030,10,19,3,0,10,19,3,116
1031,10,19,4,0,10,19,4,118
1032,10,19,5,3,10,19,5,110
1033,10,19,6,2,10,19,6,107
1034,10,19,7,1,10,19,7,104
1035,10,20,1,1,10,20,1,165
1036,10,20,2,1,10,20,2,157
1037,10,20,3,4,10,20,3,151
1038,10,20,4,1,10,20,4,141
1039,10,20,5,5,10,20,5,178
1040,10,20,6,2,10,20,6,135
1041,10,20,7,5,10,20,7,186
1042,11,3,1,0,11,3,1,13
1043,11,3,2,0,11,3,2,13
1044,11,3,3,0,11,3,3,10
1045,11,3,4,0,11,3,4,15
1046,11,3,5,0,11,3,5,11
1047,11,3,6,0,11,3,6,12
1048,11,3,7,0,11,3,7,12
1049,11,4,1,6,11,4,1,185
1050,11,4,2,6,11,4,2,214
1051,11,4,3,5,11,4,3,210
1052,11,4,4,8,11,4,4,213
1053,11,4,5,10,11,4,5,194
1054,11,4,6,8,11,4,6,201
1055,11,4,7,3,11,4,7,184
1056,11,5,1,8,11,5,1,302
1057,11,5,2,9,11,5,2,305
1058,11,5,3,3,11,5,3,323
1059,11,5,4,2,11,5,4,277
1060,11,5,5,6,11,5,5,305
1061,11,5,6,8,11,5,6,304
1062,11,5,7,9,11,5,7,337
1063,11,6,1,25,11,6,1,866
1064,11,6,2,24,11,6,2,867
1065,11,6,3,20,11,6,3,877
1066,11,6,4,20,11,6,4,831
1067,11,6,5,21,11,6,5,840
1068,11,6,6,23,11,6,6,870
1069,11,6,7,18,11,6,7,838
1070,11,7,1,28,11,7,1,1228
1071,11,7,2,20,11,7,2,1169
1072,11,7,3,33,11,7,3,1278
1073,11,7,4,32,11,7,4,1179
1074,11,7,5,32,11,7,5,1229
1075,11,7,6,21,11,7,6,1232
1076,11,7,7,21,11,7,7,1222
1077,11,8,1,11,11,8,1,791
1078,11,8,2,18,11,8,2,794
1079,11,8,3,17,11,8,3,780
1080,11,8,4,15,11,8,4,778
1081,11,8,5,19,11,8,5,778
1082,11,8,6,22,11,8,6,800
1083,11,8,7,17,11,8,7,747
1084,11,9,1,9,11,9,1,523
1085,11,9,2,17,11,9,2,544
1086,11,9,3,21,11,9,3,559
1087,11,9,4,13,11,9,4,512
1088,11,9,5,15,11,9,5,544
1089,11,9,6,13,11,9,6,553
1090,11,9,7,11,11,9,7,543
1091,11,10,1,5,11,10,1,165
1092,11,10,2,3,11,10,2,157
1093,11,10,3,3,11,10,3,131
1094,11,10,4,4,11,10,4,168
1095,11,10,5,3,11,10,5,174
1096,11,10,6,7,11,10,6,180
1097,11,10,7,4,11,10,7,181
1098,11,11,1,2,11,11,1,108
1099,11,11,2,4,11,11,2,109
1100,11,11,3,2,11,11,3,110
1101,11,11,4,4,11,11,4,121
1102,11,11,5,5,11,11,5,120
1103,11,11,6,4,11,11,6,116
1104,11,11,7,4,11,11,7,121
1105,11,12,1,3,11,12,1,179
1106,11,12,2,2,11,12,2,206
1107,11,12,3,5,11,12,3,192
1108,11,12,4,9,11,12,4,182
1109,11,12,5,3,11,12,5,184
1110,11,12,6,5,11,12,6,201
1111,11,12,7,6,11,12,7,197
1112,11,13,1,4,11,13,1,196
1113,11,13,2,5,11,13,2,174
1114,11,13,3,4,11,13,3,186
1115,11,13,4,4,11,13,4,190
1116,11,13,5,7,11,13,5,170
1117,11,13,6,6,11,13,6,198
1118,11,13,7,2,11,13,7,192
1119,11,14,1,5,11,14,1,200
1120,11,14,2,2,11,14,2,224
1121,11,14,3,1,11,14,3,194
1122,11,14,4,7,11,14,4,207
1123,11,14,5,2,11,14,5,233
1124,11,14,6,6,11,14,6,251
1125,11,14,7,4,11,14,7,215
1126,11,15,1,1,11,15,1,91
1127,11,15,2,4,11,15,2,105
1128,11,15,3,2,11,15,3,104
1129,11,15,4,4,11,15,4,98
1130,11,15,5,1,11,15,5,95
1131,11,15,6,0,11,15,6,101
1132,11,15,7,0,11,15,7,96
1133,11,16,1,8,11,16,1,325
1134,11,16,2,4,11,16,2,298
1135,11,16,3,7,11,16,3,293
1136,11,16,4,3,11,16,4,294
1137,11,16,5,5,11,16,5,267
1138,11,16,6,7,11,16,6,276
1139,11,16,7,6,11,16,7,276
1140,11,17,1,1,11,17,1,52
1141,11,17,2,0,11,17,2,49
1142,11,17,3,1,11,17,3,49
1143,11,17,4,2,11,17,4,39
1144,11,17,5,3,11,17,5,48
1145,11,17,6,1,11,17,6,46
1146,11,17,7,1,11,17,7,46
1147,11,18,1,2,11,18,1,15
1148,11,18,2,0,11,18,2,12
1149,11,18,3,1,11,18,3,15
1150,11,18,4,0,11,18,4,7
1151,11,18,5,1,11,18,5,10
1152,11,18,6,0,11,18,6,10
1153,11,18,7,0,11,18,7,9
1154,11,19,1,6,11,19,1,219
1155,11,19,2,5,11,19,2,227
1156,11,19,3,5,11,19,3,192
1157,11,19,4,7,11,19,4,190
1158,11,19,5,7,11,19,5,192
1159,11,19,6,3,11,19,6,196
1160,11,19,7,0,11,19,7,189
1161,11,20,1,1,11,20,1,69
1162,11,20,2,0,11,20,2,65
1163,11,20,3,3,11,20,3,59
1164,11,20,4,3,11,20,4,76
1165,11,20,5,4,11,20,5,75
1166,11,20,6,2,11,20,6,68
1167,11,20,7,3,11,20,7,74
1168,12,1,1,0,12,1,1,22
1169,12,1,2,1,12,1,2,11
1170,12,1,3,0,12,1,3,14
1171,12,1,4,0,12,1,4,8
1172,12,1,5,0,12,1,5,9
1173,12,1,6,0,12,1,6,22
1174,12,1,7,0,12,1,7,14
1175,12,3,1,2,12,3,1,149
1176,12,3,2,1,12,3,2,148
1177,12,3,3,7,12,3,3,159
1178,12,3,4,3,12,3,4,155
1179,12,3,5,2,12,3,5,142
1180,12,3,6,2,12,3,6,151
1181,12,3,7,4,12,3,7,148
1182,12,4,1,2,12,4,1,93
1183,12,4,2,1,12,4,2,87
1184,12,4,3,2,12,4,3,99
1185,12,4,4,3,12,4,4,108
1186,12,4,5,1,12,4,5,83
1187,12,4,6,2,12,4,6,97
1188,12,4,7,4,12,4,7,87
1189,12,5,1,3,12,5,1,185
1190,12,5,2,5,12,5,2,183
1191,12,5,3,5,12,5,3,182
1192,12,5,4,3,12,5,4,185
1193,12,5,5,1,12,5,5,192
1194,12,5,6,6,12,5,6,209
1195,12,5,7,3,12,5,7,193
1196,12,6,1,2,12,6,1,169
1197,12,6,2,4,12,6,2,137
1198,12,6,3,3,12,6,3,153
1199,12,6,4,3,12,6,4,156
1200,12,6,5,3,12,6,5,152
1201,12,6,6,1,12,6,6,156
1202,12,6,7,4,12,6,7,159
1203,12,7,1,23,12,7,1,974
1204,12,7,2,19,12,7,2,947
1205,12,7,3,23,12,7,3,952
1206,12,7,4,28,12,7,4,914
1207,12,7,5,27,12,7,5,990
1208,12,7,6,21,12,7,6,964
1209,12,7,7,15,12,7,7,944
1210,12,8,1,15,12,8,1,783
1211,12,8,2,20,12,8,2,765
1212,12,8,3,25,12,8,3,811
1213,12,8,4,12,12,8,4,761
1214,12,8,5,10,12,8,5,753
1215,12,8,6,21,12,8,6,812
1216,12,8,7,15,12,8,7,792
1217,12,9,1,29,12,9,1,974
1218,12,9,2,24,12,9,2,1036
1219,12,9,3,29,12,9,3,1044
1220,12,9,4,19,12,9,4,988
1221,12,9,5,23,12,9,5,1026
1222,12,9,6,17,12,9,6,960
1223,12,9,7,28,12,9,7,981
1224,12,10,1,5,12,10,1,227
1225,12,10,2,2,12,10,2,247
1226,12,10,3,2,12,10,3,240
1227,12,10,4,7,12,10,4,241
1228,12,10,5,2,12,10,5,212
1229,12,10,6,10,12,10,6,223
1230,12,10,7,4,12,10,7,251
1231,12,11,1,3,12,11,1,197
1232,12,11,2,4,12,11,2,221
1233,12,11,3,6,12,11,3,206
1234,12,11,4,3,12,11,4,219
1235,12,11,5,4,12,11,5,212
1236,12,11,6,4,12,11,6,202
1237,12,11,7,4,12,11,7,177
1238,12,12,1,6,12,12,1,195
1239,12,12,2,8,12,12,2,200
1240,12,12,3,3,12,12,3,174
1241,12,12,4,8,12,12,4,219
1242,12,12,5,3,12,12,5,189
1243,12,12,6,2,12,12,6,200
1244,12,12,7,5,12,12,7,194
1245,12,13,1,8,12,13,1,260
1246,12,13,2,3,12,13,2,227
1247,12,13,3,2,12,13,3,239
1248,12,13,4,6,12,13,4,243
1249,12,13,5,4,12,13,5,281
1250,12,13,6,5,12,13,6,248
1251,12,13,7,5,12,13,7,271
1252,12,14,1,4,12,14,1,177
1253,12,14,2,12,12,14,2,182
1254,12,14,3,3,12,14,3,179
1255,12,14,4,3,12,14,4,183
1256,12,14,5,5,12,14,5,189
1257,12,14,6,7,12,14,6,176
1258,12,14,7,5,12,14,7,167
1259,12,15,1,3,12,15,1,148
1260,12,15,2,4,12,15,2,152
1261,12,15,3,2,12,15,3,138
1262,12,15,4,6,12,15,4,149
1263,12,15,5,1,12,15,5,158
1264,12,15,6,7,12,15,6,177
1265,12,15,7,6,12,15,7,138
1266,12,16,1,0,12,16,1,29
1267,12,16,2,3,12,16,2,41
1268,12,16,3,1,12,16,3,31
1269,12,16,4,0,12,16,4,35
1270,12,16,5,1,12,16,5,31
1271,12,16,6,1,12,16,6,23
1272,12,16,7,2,12,16,7,28
1273,12,17,1,2,12,17,1,136
1274,12,17,2,3,12,17,2,105
1275,12,17,3,2,12,17,3,112
1276,12,17,4,2,12,17,4,108
1277,12,17,5,1,12,17,5,128
1278,12,17,6,4,12,17,6,113
1279,12,17,7,5,12,17,7,120
1280,12,18,1,2,12,18,1,14
1281,12,18,2,1,12,18,2,20
1282,12,18,3,0,12,18,3,12
1283,12,18,4,0,12,18,4,7
1284,12,18,5,1,12,18,5,12
1285,12,18,6,1,12,18,6,12
1286,12,18,7,0,12,18,7,11
1287,12,19,2,0,12,19,2,1
1288,12,19,3,0,12,19,3,2
1289,12,19,5,0,12,19,5,1
1290,12,19,6,0,12,19,6,3
1291,12,20,1,1,12,20,1,40
1292,12,20,2,1,12,20,2,42
1293,12,20,3,0,12,20,3,42
1294,12,20,4,1,12,20,4,33
1295,12,20,5,0,12,20,5,35
1296,12,20,6,1,12,20,6,38
1297,12,20,7,0,12,20,7,43
1298,13,2,1,1,13,2,1,73
1299,13,2,2,1,13,2,2,62
1300,13,2,3,1,13,2,3,72
1301,13,2,4,2,13,2,4,74
1302,13,2,5,1,13,2,5,67
1303,13,2,6,0,13,2,6,69
1304,13,2,7,2,13,2,7,56
1305,13,3,1,1,13,3,1,36
1306,13,3,2,1,13,3,2,34
1307,13,3,3,0,13,3,3,39
1308,13,3,4,0,13,3,4,42
1309,13,3,5,3,13,3,5,26
1310,13,3,6,1,13,3,6,38
1311,13,3,7,1,13,3,7,52
1312,13,4,1,2,13,4,1,277
1313,13,4,2,7,13,4,2,255
1314,13,4,3,6,13,4,3,266
1315,13,4,4,7,13,4,4,261
1316,13,4,5,7,13,4,5,268
1317,13,4,6,6,13,4,6,274
1318,13,4,7,8,13,4,7,266
1319,13,5,1,6,13,5,1,299
1320,13,5,2,7,13,5,2,283
1321,13,5,3,9,13,5,3,301
1322,13,5,4,5,13,5,4,287
1323,13,5,5,9,13,5,5,270
1324,13,5,6,6,13,5,6,289
1325,13,5,7,6,13,5,7,302
1326,13,6,1,5,13,6,1,233
1327,13,6,2,9,13,6,2,240
1328,13,6,3,2,13,6,3,240
1329,13,6,4,6,13,6,4,212
1330,13,6,5,5,13,6,5,227
1331,13,6,6,6,13,6,6,223
1332,13,6,7,7,13,6,7,235
1333,13,7,1,5,13,7,1,109
1334,13,7,2,1,13,7,2,87
1335,13,7,3,2,13,7,3,90
1336,13,7,4,2,13,7,4,108
1337,13,7,5,4,13,7,5,106
1338,13,7,6,2,13,7,6,87
1339,13,7,7,0,13,7,7,104
1340,13,8,1,25,13,8,1,1144
1341,13,8,2,19,13,8,2,1108
1342,13,8,3,27,13,8,3,1092
1343,13,8,4,20,13,8,4,1098
1344,13,8,5,21,13,8,5,1087
1345,13,8,6,26,13,8,6,1135
1346,13,8,7,23,13,8,7,1096
1347,13,9,1,15,13,9,1,636
1348,13,9,2,8,13,9,2,650
1349,13,9,3,16,13,9,3,646
1350,13,9,4,14,13,9,4,662
1351,13,9,5,17,13,9,5,642
1352,13,9,6,22,13,9,6,610
1353,13,9,7,19,13,9,7,664
1354,13,10,1,3,13,10,1,273
1355,13,10,2,4,13,10,2,253
1356,13,10,3,10,13,10,3,273
1357,13,10,4,3,13,10,4,296
1358,13,10,5,6,13,10,5,264
1359,13,10,6,3,13,10,6,264
1360,13,10,7,4,13,10,7,251
1361,13,11,1,3,13,11,1,145
1362,13,11,2,2,13,11,2,158
1363,13,11,3,6,13,11,3,148
1364,13,11,4,5,13,11,4,145
1365,13,11,5,2,13,11,5,146
1366,13,11,6,7,13,11,6,141
1367,13,11,7,0,13,11,7,173
1368,13,12,1,5,13,12,1,143
1369,13,12,2,3,13,12,2,131
1370,13,12,3,3,13,12,3,154
1371,13,12,4,7,13,12,4,131
1372,13,12,5,2,13,12,5,136
1373,13,12,6,2,13,12,6,128
1374,13,12,7,6,13,12,7,155
1375,13,13,1,1,13,13,1,55
1376,13,13,2,1,13,13,2,57
1377,13,13,3,1,13,13,3,72
1378,13,13,4,3,13,13,4,59
1379,13,13,5,1,13,13,5,58
1380,13,13,6,1,13,13,6,43
1381,13,13,7,0,13,13,7,55
1382,13,14,1,7,13,14,1,223
1383,13,14,2,9,13,14,2,262
1384,13,14,3,4,13,14,3,241
1385,13,14,4,7,13,14,4,235
1386,13,14,5,6,13,14,5,257
1387,13,14,6,9,13,14,6,278
1388,13,14,7,6,13,14,7,265
1389,13,15,1,4,13,15,1,275
1390,13,15,2,7,13,15,2,231
1391,13,15,3,8,13,15,3,208
1392,13,15,4,4,13,15,4,221
1393,13,15,5,5,13,15,5,233
1394,13,15,6,7,13,15,6,266
1395,13,15,7,8,13,15,7,271
1396,13,16,1,3,13,16,1,159
1397,13,16,2,1,13,16,2,136
1398,13,16,3,4,13,16,3,157
1399,13,16,4,5,13,16,4,110
1400,13,16,5,2,13,16,5,128
1401,13,16,6,2,13,16,6,136
1402,13,16,7,0,13,16,7,121
1403,13,17,1,1,13,17,1,18
1404,13,17,2,0,13,17,2,24
1405,13,17,3,0,13,17,3,13
1406,13,17,4,0,13,17,4,16
1407,13,17,5,0,13,17,5,19
1408,13,17,6,0,13,17,6,18
1409,13,17,7,1,13,17,7,20
1410,13,18,1,3,13,18,1,66
1411,13,18,2,2,13,18,2,87
1412,13,18,3,0,13,18,3,72
1413,13,18,4,2,13,18,4,83
1414,13,18,5,2,13,18,5,82
1415,13,18,6,2,13,18,6,77
1416,13,18,7,3,13,18,7,80
1417,14,1,1,0,14,1,1,13
1418,14,1,2,0,14,1,2,19
1419,14,1,3,0,14,1,3,11
1420,14,1,4,4,14,1,4,17
1421,14,1,5,1,14,1,5,11
1422,14,1,6,0,14,1,6,13
1423,14,1,7,0,14,1,7,16
1424,14,2,1,0,14,2,1,32
1425,14,2,2,0,14,2,2,22
1426,14,2,3,1,14,2,3,24
1427,14,2,4,0,14,2,4,24
1428,14,2,5,0,14,2,5,29
1429,14,2,6,0,14,2,6,16
1430,14,2,7,1,14,2,7,19
1431,14,3,1,2,14,3,1,222
1432,14,3,2,5,14,3,2,222
1433,14,3,3,4,14,3,3,230
1434,14,3,4,8,14,3,4,204
1435,14,3,5,5,14,3,5,227
1436,14,3,6,5,14,3,6,221
1437,14,3,7,2,14,3,7,228
1438,14,4,1,9,14,4,1,264
1439,14,4,2,6,14,4,2,259
1440,14,4,3,4,14,4,3,258
1441,14,4,4,7,14,4,4,252
1442,14,4,5,7,14,4,5,246
1443,14,4,6,9,14,4,6,237
1444,14,4,7,6,14,4,7,269
1445,14,5,1,1,14,5,1,113
1446,14,5,2,6,14,5,2,121
1447,14,5,3,4,14,5,3,124
1448,14,5,4,3,14,5,4,129
1449,14,5,5,7,14,5,5,121
1450,14,5,6,4,14,5,6,107
1451,14,5,7,2,14,5,7,126
1452,14,6,1,4,14,6,1,174
1453,14,6,2,2,14,6,2,171
1454,14,6,3,4,14,6,3,157
1455,14,6,4,3,14,6,4,186
1456,14,6,5,8,14,6,5,162
1457,14,6,6,8,14,6,6,178
1458,14,6,7,4,14,6,7,152
1459,14,7,1,5,14,7,1,212
1460,14,7,2,6,14,7,2,211
1461,14,7,3,6,14,7,3,247
1462,14,7,4,6,14,7,4,232
1463,14,7,5,6,14,7,5,227
1464,14,7,6,8,14,7,6,233
1465,14,7,7,3,14,7,7,211
1466,14,8,1,1,14,8,1,59
1467,14,8,2,2,14,8,2,76
1468,14,8,3,3,14,8,3,68
1469,14,8,4,0,14,8,4,60
1470,14,8,5,2,14,8,5,40
1471,14,8,6,2,14,8,6,59
1472,14,8,7,3,14,8,7,58
1473,14,9,1,13,14,9,1,585
1474,14,9,2,13,14,9,2,600
1475,14,9,3,13,14,9,3,629
1476,14,9,4,8,14,9,4,597
1477,14,9,5,16,14,9,5,600
1478,14,9,6,15,14,9,6,598
1479,14,9,7,12,14,9,7,604
1480,14,10,1,8,14,10,1,275
1481,14,10,2,6,14,10,2,280
1482,14,10,3,6,14,10,3,274
1483,14,10,4,12,14,10,4,263
1484,14,10,5,15,14,10,5,274
1485,14,10,6,15,14,10,6,263
1486,14,10,7,7,14,10,7,280
1487,14,11,1,11,14,11,1,308
1488,14,11,2,8,14,11,2,297
1489,14,11,3,9,14,11,3,308
1490,14,11,4,8,14,11,4,301
1491,14,11,5,4,14,11,5,300
1492,14,11,6,7,14,11,6,276
1493,14,11,7,7,14,11,7,283
1494,14,12,1,2,14,12,1,211
1495,14,12,2,6,14,12,2,238
1496,14,12,3,6,14,12,3,197
1497,14,12,4,5,14,12,4,213
1498,14,12,5,5,14,12,5,189
1499,14,12,6,7,14,12,6,222
1500,14,12,7,5,14,12,7,226
1501,14,13,1,2,14,13,1,162
1502,14,13,2,6,14,13,2,182
1503,14,13,3,7,14,13,3,161
1504,14,13,4,7,14,13,4,160
1505,14,13,5,3,14,13,5,171
1506,14,13,6,5,14,13,6,179
1507,14,13,7,1,14,13,7,160
1508,14,14,1,2,14,14,1,88
1509,14,14,2,5,14,14,2,109
1510,14,14,3,4,14,14,3,114
1511,14,14,4,4,14,14,4,87
1512,14,14,5,5,14,14,5,124
1513,14,14,6,2,14,14,6,95
1514,14,14,7,2,14,14,7,122
1515,14,15,1,3,14,15,1,98
1516,14,15,2,1,14,15,2,93
1517,14,15,3,2,14,15,3,101
1518,14,15,4,3,14,15,4,92
1519,14,15,5,4,14,15,5,98
1520,14,15,6,5,14,15,6,90
1521,14,15,7,2,14,15,7,92
1522,14,16,1,4,14,16,1,166
1523,14,16,2,2,14,16,2,162
1524,14,16,3,6,14,16,3,174
1525,14,16,4,3,14,16,4,162
1526,14,16,5,3,14,16,5,160
1527,14,16,6,0,14,16,6,158
1528,14,16,7,3,14,16,7,143
1529,14,17,1,3,14,17,1,102
1530,14,17,2,1,14,17,2,92
1531,14,17,3,2,14,17,3,88
1532,14,17,4,1,14,17,4,72
1533,14,17,5,2,14,17,5,92
1534,14,17,6,3,14,17,6,88
1535,14,17,7,4,14,17,7,88
1536,14,18,1,0,14,18,1,5
1537,14,18,2,0,14,18,2,7
1538,14,18,3,0,14,18,3,9
1539,14,18,4,0,14,18,4,4
1540,14,18,5,0,14,18,5,3
1541,14,18,6,0,14,18,6,10
1542,14,18,7,0,14,18,7,3
1543,14,19,1,1,14,19,1,38
1544,14,19,2,2,14,19,2,40
1545,14,19,3,2,14,19,3,29
1546,14,19,4,0,14,19,4,31
1547,14,19,5,1,14,19,5,31
1548,14,19,6,3,14,19,6,26
1549,14,19,7,1,14,19,7,26
1550,15,2,1,1,15,2,1,23
1551,15,2,2,0,15,2,2,24
1552,15,2,3,1,15,2,3,14
1553,15,2,4,1,15,2,4,29
1554,15,2,5,2,15,2,5,35
1555,15,2,6,0,15,2,6,20
1556,15,2,7,0,15,2,7,27
1557,15,3,1,3,15,3,1,80
1558,15,3,2,3,15,3,2,99
1559,15,3,3,4,15,3,3,76
1560,15,3,4,7,15,3,4,100
1561,15,3,5,3,15,3,5,101
1562,15,3,6,1,15,3,6,97
1563,15,3,7,1,15,3,7,89
1564,15,4,1,6,15,4,1,222
1565,15,4,2,7,15,4,2,233
1566,15,4,3,6,15,4,3,209
1567,15,4,4,6,15,4,4,242
1568,15,4,5,2,15,4,5,244
1569,15,4,6,6,15,4,6,246
1570,15,4,7,7,15,4,7,216
1571,15,5,1,1,15,5,1,39
1572,15,5,2,3,15,5,2,28
1573,15,5,3,1,15,5,3,36
1574,15,5,4,0,15,5,4,39
1575,15,5,5,0,15,5,5,21
1576,15,5,6,0,15,5,6,28
1577,15,5,7,1,15,5,7,31
1578,15,6,1,0,15,6,1,11
1579,15,6,2,0,15,6,2,11
1580,15,6,3,1,15,6,3,12
1581,15,6,4,0,15,6,4,3
1582,15,6,5,1,15,6,5,8
1583,15,6,6,0,15,6,6,7
1584,15,6,7,1,15,6,7,6
1585,15,7,1,3,15,7,1,209
1586,15,7,2,6,15,7,2,216
1587,15,7,3,7,15,7,3,222
1588,15,7,4,5,15,7,4,184
1589,15,7,5,4,15,7,5,208
1590,15,7,6,3,15,7,6,177
1591,15,7,7,2,15,7,7,191
1592,15,8,1,5,15,8,1,167
1593,15,8,2,4,15,8,2,168
1594,15,8,3,2,15,8,3,175
1595,15,8,4,5,15,8,4,161
1596,15,8,5,1,15,8,5,208
1597,15,8,6,1,15,8,6,179
1598,15,8,7,4,15,8,7,171
1599,15,9,1,0,15,9,1,24
1600,15,9,2,0,15,9,2,38
1601,15,9,3,3,15,9,3,39
1602,15,9,4,0,15,9,4,27
1603,15,9,5,1,15,9,5,22
1604,15,9,6,1,15,9,6,28
1605,15,9,7,1,15,9,7,34
1606,15,10,1,8,15,10,1,307
1607,15,10,2,7,15,10,2,319
1608,15,10,3,10,15,10,3,296
1609,15,10,4,15,15,10,4,301
1610,15,10,5,6,15,10,5,325
1611,15,10,6,6,15,10,6,334
1612,15,10,7,8,15,10,7,299
1613,15,11,1,3,15,11,1,191
1614,15,11,2,7,15,11,2,185
1615,15,11,3,6,15,11,3,181
1616,15,11,4,5,15,11,4,193
1617,15,11,5,5,15,11,5,218
1618,15,11,6,2,15,11,6,185
1619,15,11,7,11,15,11,7,187
1620,15,12,1,2,15,12,1,59
1621,15,12,2,1,15,12,2,73
1622,15,12,3,1,15,12,3,69
1623,15,12,4,1,15,12,4,63
1624,15,12,5,0,15,12,5,78
1625,15,12,6,5,15,12,6,71
1626,15,12,7,4,15,12,7,56
1627,15,13,1,1,15,13,1,149
1628,15,13,2,5,15,13,2,160
1629,15,13,3,1,15,13,3,152
1630,15,13,4,3,15,13,4,164
1631,15,13,5,3,15,13,5,140
1632,15,13,6,6,15,13,6,139
1633,15,13,7,2,15,13,7,134
1634,15,14,1,2,15,14,1,136
1635,15,14,2,1,15,14,2,129
1636,15,14,3,4,15,14,3,110
1637,15,14,4,2,15,14,4,114
1638,15,14,5,2,15,14,5,134
1639,15,14,6,5,15,14,6,132
1640,15,14,7,3,15,14,7,115
1641,15,15,1,3,15,15,1,27
1642,15,15,2,0,15,15,2,33
1643,15,15,3,2,15,15,3,31
1644,15,15,4,3,15,15,4,48
1645,15,15,5,1,15,15,5,24
1646,15,15,6,0,15,15,6,26
1647,15,15,7,0,15,15,7,36
1648,15,16,1,1,15,16,1,32
1649,15,16,2,1,15,16,2,37
1650,15,16,3,0,15,16,3,39
1651,15,16,4,4,15,16,4,30
1652,15,16,5,1,15,16,5,29
1653,15,16,6,1,15,16,6,37
1654,15,16,7,0,15,16,7,30
1655,15,17,1,2,15,17,1,48
1656,15,17,2,1,15,17,2,37
1657,15,17,3,0,15,17,3,39
1658,15,17,4,0,15,17,4,44
1659,15,17,5,2,15,17,5,34
1660,15,17,6,1,15,17,6,33
1661,15,17,7,0,15,17,7,39
1662,15,18,1,0,15,18,1,29
1663,15,18,2,0,15,18,2,34
1664,15,18,3,1,15,18,3,30
1665,15,18,4,1,15,18,4,24
1666,15,18,5,1,15,18,5,29
1667,15,18,6,0,15,18,6,23
1668,15,18,7,0,15,18,7,31
1669,15,19,1,0,15,19,1,7
1670,15,19,3,0,15,19,3,4
1671,15,19,4,0,15,19,4,4
1672,15,19,5,0,15,19,5,2
1673,15,19,6,0,15,19,6,4
1674,15,19,7,1,15,19,7,8
1675,15,20,1,0,15,20,1,10
1676,15,20,2,0,15,20,2,14
1677,15,20,3,0,15,20,3,15
1678,15,20,4,0,15,20,4,9
1679,15,20,5,0,15,20,5,17
1680,15,20,6,1,15,20,6,23
1681,15,20,7,0,15,20,7,12
1682,16,1,1,1,16,1,1,7
1683,16,1,2,0,16,1,2,12
1684,16,1,3,1,16,1,3,10
1685,16,1,4,0,16,1,4,9
1686,16,1,5,1,16,1,5,8
1687,16,1,6,1,16,1,6,6
1688,16,1,7,0,16,1,7,4
1689,16,2,1,1,16,2,1,17
1690,16,2,2,0,16,2,2,24
1691,16,2,3,0,16,2,3,19
1692,16,2,4,0,16,2,4,22
1693,16,2,5,0,16,2,5,23
1694,16,2,6,0,16,2,6,16
1695,16,2,7,2,16,2,7,14
1696,16,3,1,4,16,3,1,72
1697,16,3,2,1,16,3,2,55
1698,16,3,3,3,16,3,3,70
1699,16,3,4,2,16,3,4,77
1700,16,3,5,2,16,3,5,84
1701,16,3,6,0,16,3,6,61
1702,16,3,7,5,16,3,7,82
1703,16,4,1,10,16,4,1,212
1704,16,4,2,9,16,4,2,195
1705,16,4,3,4,16,4,3,180
1706,16,4,4,8,16,4,4,177
1707,16,4,5,3,16,4,5,202
1708,16,4,6,5,16,4,6,178
1709,16,4,7,4,16,4,7,182
1710,16,5,1,5,16,5,1,170
1711,16,5,2,3,16,5,2,172
1712,16,5,3,4,16,5,3,172
1713,16,5,4,0,16,5,4,163
1714,16,5,5,1,16,5,5,142
1715,16,5,6,1,16,5,6,142
1716,16,5,7,1,16,5,7,174
1717,16,6,1,1,16,6,1,101
1718,16,6,2,3,16,6,2,91
1719,16,6,3,0,16,6,3,80
1720,16,6,4,1,16,6,4,90
1721,16,6,5,1,16,6,5,66
1722,16,6,6,1,16,6,6,96
1723,16,6,7,4,16,6,7,90
1724,16,7,1,1,16,7,1,23
1725,16,7,2,1,16,7,2,22
1726,16,7,3,0,16,7,3,20
1727,16,7,4,3,16,7,4,16
1728,16,7,5,1,16,7,5,29
1729,16,7,6,1,16,7,6,18
1730,16,7,7,2,16,7,7,32
1731,16,8,1,1,16,8,1,209
1732,16,8,2,4,16,8,2,183
1733,16,8,3,4,16,8,3,166
1734,16,8,4,4,16,8,4,149
1735,16,8,5,2,16,8,5,182
1736,16,8,6,3,16,8,6,175
1737,16,8,7,5,16,8,7,187
1738,16,9,1,0,16,9,1,143
1739,16,9,2,7,16,9,2,141
1740,16,9,3,2,16,9,3,179
1741,16,9,4,5,16,9,4,146
1742,16,9,5,5,16,9,5,143
1743,16,9,6,2,16,9,6,140
1744,16,9,7,2,16,9,7,168
1745,16,10,1,2,16,10,1,104
1746,16,10,2,2,16,10,2,113
1747,16,10,3,7,16,10,3,123
1748,16,10,4,6,16,10,4,106
1749,16,10,5,0,16,10,5,111
1750,16,10,6,2,16,10,6,128
1751,16,10,7,7,16,10,7,108
1752,16,11,1,1,16,11,1,75
1753,16,11,2,4,16,11,2,89
1754,16,11,3,1,16,11,3,77
1755,16,11,4,2,16,11,4,72
1756,16,11,5,0,16,11,5,91
1757,16,11,6,1,16,11,6,80
1758,16,11,7,4,16,11,7,80
1759,16,12,1,2,16,12,1,97
1760,16,12,2,7,16,12,2,119
1761,16,12,3,0,16,12,3,93
1762,16,12,4,2,16,12,4,88
1763,16,12,5,3,16,12,5,117
1764,16,12,6,1,16,12,6,96
1765,16,12,7,4,16,12,7,93
1766,16,13,1,0,16,13,1,35
1767,16,13,2,2,16,13,2,33
1768,16,13,3,0,16,13,3,24
1769,16,13,4,1,16,13,4,32
1770,16,13,5,0,16,13,5,33
1771,16,13,6,1,16,13,6,35
1772,16,13,7,2,16,13,7,33
1773,16,14,1,0,16,14,1,12
1774,16,14,2,1,16,14,2,12
1775,16,14,3,0,16,14,3,4
1776,16,14,4,1,16,14,4,12
1777,16,14,5,0,16,14,5,10
1778,16,14,6,0,16,14,6,11
1779,16,14,7,0,16,14,7,7
1780,16,15,1,2,16,15,1,45
1781,16,15,2,1,16,15,2,40
1782,16,15,3,1,16,15,3,32
1783,16,15,4,1,16,15,4,41
1784,16,15,5,0,16,15,5,31
1785,16,15,6,4,16,15,6,42
1786,16,15,7,1,16,15,7,38
1787,16,16,1,0,16,16,1,6
1788,16,16,2,1,16,16,2,8
1789,16,16,3,0,16,16,3,3
1790,16,16,4,0,16,16,4,6
1791,16,16,5,0,16,16,5,5
1792,16,16,6,0,16,16,6,2
1793,16,16,7,0,16,16,7,7
1794,16,17,1,0,16,17,1,18
1795,16,17,2,0,16,17,2,19
1796,16,17,3,0,16,17,3,11
1797,16,17,4,1,16,17,4,10
1798,16,17,5,0,16,17,5,12
1799,16,17,6,0,16,17,6,8
1800,16,17,7,0,16,17,7,13
1801,16,18,1,0,16,18,1,5
1802,16,18,3,0,16,18,3,2
1803,16,18,4,0,16,18,4,3
1804,16,18,5,2,16,18,5,7
1805,16,18,6,0,16,18,6,3
1806,17,1,1,0,17,1,1,20
1807,17,1,2,0,17,1,2,12
1808,17,1,3,0,17,1,3,22
1809,17,1,4,0,17,1,4,21
1810,17,1,5,1,17,1,5,17
1811,17,1,6,0,17,1,6,19
1812,17,1,7,0,17,1,7,19
1813,17,2,1,0,17,2,1,72
1814,17,2,2,1,17,2,2,85
1815,17,2,3,2,17,2,3,71
1816,17,2,4,2,17,2,4,76
1817,17,2,5,3,17,2,5,89
1818,17,2,6,1,17,2,6,77
1819,17,2,7,1,17,2,7,94
1820,17,3,1,1,17,3,1,48
1821,17,3,2,2,17,3,2,65
1822,17,3,3,4,17,3,3,56
1823,17,3,4,7,17,3,4,80
1824,17,3,5,1,17,3,5,67
1825,17,3,6,1,17,3,6,60
1826,17,3,7,1,17,3,7,69
1827,17,4,1,3,17,4,1,77
1828,17,4,2,1,17,4,2,64
1829,17,4,3,1,17,4,3,79
1830,17,4,4,2,17,4,4,63
1831,17,4,5,0,17,4,5,66
1832,17,4,6,1,17,4,6,66
1833,17,4,7,3,17,4,7,77
1834,17,5,1,6,17,5,1,214
1835,17,5,2,6,17,5,2,246
1836,17,5,3,8,17,5,3,253
1837,17,5,4,8,17,5,4,240
1838,17,5,5,5,17,5,5,245
1839,17,5,6,1,17,5,6,220
1840,17,5,7,8,17,5,7,231
1841,17,6,1,6,17,6,1,167
1842,17,6,2,2,17,6,2,171
1843,17,6,3,2,17,6,3,178
1844,17,6,4,3,17,6,4,178
1845,17,6,5,13,17,6,5,208
1846,17,6,6,9,17,6,6,172
1847,17,6,7,2,17,6,7,163
1848,17,7,1,3,17,7,1,144
1849,17,7,2,2,17,7,2,158
1850,17,7,3,2,17,7,3,160
1851,17,7,4,3,17,7,4,161
1852,17,7,5,3,17,7,5,158
1853,17,7,6,4,17,7,6,180
1854,17,7,7,4,17,7,7,162
1855,17,8,1,1,17,8,1,12
1856,17,8,2,0,17,8,2,14
1857,17,8,3,0,17,8,3,18
1858,17,8,4,0,17,8,4,9
1859,17,8,5,1,17,8,5,12
1860,17,8,6,1,17,8,6,11
1861,17,8,7,0,17,8,7,12
1862,17,9,1,7,17,9,1,185
1863,17,9,2,4,17,9,2,186
1864,17,9,3,4,17,9,3,192
1865,17,9,4,5,17,9,4,196
1866,17,9,5,4,17,9,5,179
1867,17,9,6,6,17,9,6,190
1868,17,9,7,3,17,9,7,203
1869,17,10,1,7,17,10,1,101
1870,17,10,2,3,17,10,2,100
1871,17,10,3,0,17,10,3,93
1872,17,10,4,3,17,10,4,104
1873,17,10,5,0,17,10,5,111
1874,17,10,6,3,17,10,6,94
1875,17,10,7,3,17,10,7,103
1876,17,11,1,0,17,11,1,37
1877,17,11,2,0,17,11,2,29
1878,17,11,3,1,17,11,3,35
1879,17,11,4,2,17,11,4,35
1880,17,11,5,0,17,11,5,40
1881,17,11,6,0,17,11,6,31
1882,17,11,7,0,17,11,7,27
1883,17,12,1,0,17,12,1,31
1884,17,12,2,0,17,12,2,26
1885,17,12,3,0,17,12,3,29
1886,17,12,4,1,17,12,4,25
1887,17,12,5,1,17,12,5,23
1888,17,12,6,1,17,12,6,30
1889,17,12,7,3,17,12,7,30
1890,17,13,1,0,17,13,1,12
1891,17,13,2,0,17,13,2,9
1892,17,13,3,0,17,13,3,5
1893,17,13,4,0,17,13,4,12
1894,17,13,5,0,17,13,5,15
1895,17,13,6,0,17,13,6,14
1896,17,13,7,0,17,13,7,9
1897,17,14,1,0,17,14,1,5
1898,17,14,2,1,17,14,2,11
1899,17,14,3,0,17,14,3,10
1900,17,14,4,1,17,14,4,10
1901,17,14,5,0,17,14,5,10
1902,17,14,6,0,17,14,6,10
1903,17,14,7,0,17,14,7,10
1904,17,16,1,1,17,16,1,9
1905,17,16,2,1,17,16,2,10
1906,17,16,3,0,17,16,3,8
1907,17,16,4,0,17,16,4,5
1908,17,16,5,0,17,16,5,10
1909,17,16,6,0,17,16,6,10
1910,17,16,7,0,17,16,7,6
1911,17,19,1,0,17,19,1,24
1912,17,19,2,0,17,19,2,23
1913,17,19,3,0,17,19,3,16
1914,17,19,4,2,17,19,4,26
1915,17,19,5,0,17,19,5,21
1916,17,19,6,0,17,19,6,15
1917,17,19,7,0,17,19,7,21
1918,17,20,1,0,17,20,1,61
1919,17,20,2,1,17,20,2,55
1920,17,20,3,3,17,20,3,58
1921,17,20,4,0,17,20,4,58
1922,17,20,5,1,17,20,5,61
1923,17,20,6,1,17,20,6,81
1924,17,20,7,3,17,20,7,72
1925,18,1,1,2,18,1,1,79
1926,18,1,2,1,18,1,2,60
1927,18,1,3,5,18,1,3,73
1928,18,1,4,3,18,1,4,73
1929,18,1,5,1,18,1,5,70
1930,18,1,6,2,18,1,6,78
1931,18,1,7,1,18,1,7,76
1932,18,2,1,1,18,2,1,87
1933,18,2,2,3,18,2,2,77
1934,18,2,3,0,18,2,3,96
1935,18,2,4,3,18,2,4,74
1936,18,2,5,0,18,2,5,87
1937,18,2,6,2,18,2,6,73
1938,18,2,7,3,18,2,7,72
1939,18,3,1,4,18,3,1,109
1940,18,3,2,2,18,3,2,93
1941,18,3,3,2,18,3,3,89
1942,18,3,4,3,18,3,4,101
1943,18,3,5,2,18,3,5,102
1944,18,3,6,3,18,3,6,96
1945,18,3,7,2,18,3,7,102
1946,18,4,1,2,18,4,1,108
1947,18,4,2,0,18,4,2,103
1948,18,4,3,3,18,4,3,108
1949,18,4,4,2,18,4,4,105
1950,18,4,5,1,18,4,5,93
1951,18,4,6,3,18,4,6,133
1952,18,4,7,1,18,4,7,88
1953,18,5,1,2,18,5,1,80
1954,18,5,2,2,18,5,2,84
1955,18,5,3,1,18,5,3,88
1956,18,5,4,2,18,5,4,97
1957,18,5,5,0,18,5,5,100
1958,18,5,6,3,18,5,6,100
1959,18,5,7,2,18,5,7,96
1960,18,6,1,5,18,6,1,170
1961,18,6,2,3,18,6,2,142
1962,18,6,3,4,18,6,3,176
1963,18,6,4,7,18,6,4,154
1964,18,6,5,3,18,6,5,154
1965,18,6,6,5,18,6,6,162
1966,18,6,7,3,18,6,7,197
1967,18,7,1,5,18,7,1,155
1968,18,7,2,4,18,7,2,145
1969,18,7,3,4,18,7,3,149
1970,18,7,4,5,18,7,4,168
1971,18,7,5,3,18,7,5,154
1972,18,7,6,4,18,7,6,140
1973,18,7,7,2,18,7,7,156
1974,18,8,1,3,18,8,1,167
1975,18,8,2,4,18,8,2,187
1976,18,8,3,4,18,8,3,153
1977,18,8,4,4,18,8,4,169
1978,18,8,5,3,18,8,5,168
1979,18,8,6,4,18,8,6,157
1980,18,8,7,5,18,8,7,165
1981,18,9,1,4,18,9,1,165
1982,18,9,2,6,18,9,2,160
1983,18,9,3,4,18,9,3,161
1984,18,9,4,4,18,9,4,204
1985,18,9,5,1,18,9,5,158
1986,18,9,6,7,18,9,6,183
1987,18,9,7,4,18,9,7,170
1988,18,10,1,9,18,10,1,351
1989,18,10,2,3,18,10,2,319
1990,18,10,3,7,18,10,3,318
1991,18,10,4,10,18,10,4,337
1992,18,10,5,9,18,10,5,363
1993,18,10,6,8,18,10,6,315
1994,18,10,7,6,18,10,7,307
1995,18,11,1,0,18,11,1,92
1996,18,11,2,4,18,11,2,86
1997,18,11,3,3,18,11,3,78
1998,18,11,4,3,18,11,4,88
1999,18,11,5,1,18,11,5,92
2000,18,11,6,0,18,11,6,83
2001,18,11,7,2,18,11,7,87
2002,18,12,1,1,18,12,1,52
2003,18,12,2,0,18,12,2,43
2004,18,12,3,0,18,12,3,48
2005,18,12,4,3,18,12,4,49
2006,18,12,5,1,18,12,5,54
2007,18,12,6,1,18,12,6,40
2008,18,12,7,2,18,12,7,43
2009,18,13,1,4,18,13,1,120
2010,18,13,2,1,18,13,2,119
2011,18,13,3,5,18,13,3,119
2012,18,13,4,2,18,13,4,132
2013,18,13,5,5,18,13,5,118
2014,18,13,6,4,18,13,6,146
2015,18,13,7,2,18,13,7,126
2016,18,14,1,3,18,14,1,98
2017,18,14,2,3,18,14,2,77
2018,18,14,3,3,18,14,3,90
2019,18,14,4,1,18,14,4,82
2020,18,14,5,2,18,14,5,86
2021,18,14,6,0,18,14,6,86
2022,18,14,7,3,18,14,7,77
2023,18,15,1,4,18,15,1,154
2024,18,15,2,7,18,15,2,161
2025,18,15,3,3,18,15,3,146
2026,18,15,4,2,18,15,4,129
2027,18,15,5,4,18,15,5,143
2028,18,15,6,1,18,15,6,178
2029,18,15,7,4,18,15,7,164
2030,18,16,1,3,18,16,1,132
2031,18,16,2,1,18,16,2,118
2032,18,16,3,4,18,16,3,128
2033,18,16,4,2,18,16,4,123
2034,18,16,5,6,18,16,5,119
2035,18,16,6,2,18,16,6,122
2036,18,16,7,0,18,16,7,119
2037,18,17,1,1,18,17,1,100
2038,18,17,2,7,18,17,2,93
2039,18,17,3,3,18,17,3,101
2040,18,17,4,4,18,17,4,95
2041,18,17,5,2,18,17,5,89
2042,18,17,6,1,18,17,6,103
2043,18,17,7,1,18,17,7,118
2044,18,18,1,1,18,18,1,38
2045,18,18,2,1,18,18,2,41
2046,18,18,3,0,18,18,3,35
2047,18,18,4,2,18,18,4,47
2048,18,18,5,1,18,18,5,35
2049,18,18,6,2,18,18,6,46
2050,18,18,7,2,18,18,7,44
2051,18,19,1,0,18,19,1,15
2052,18,19,2,0,18,19,2,11
2053,18,19,3,1,18,19,3,11
2054,18,19,4,0,18,19,4,10
2055,18,19,5,0,18,19,5,20
2056,18,19,6,1,18,19,6,13
2057,18,19,7,1,18,19,7,20
2058,18,20,1,1,18,20,1,18
2059,18,20,2,0,18,20,2,12
2060,18,20,3,0,18,20,3,11
2061,18,20,4,0,18,20,4,20
2062,18,20,5,0,18,20,5,10
2063,18,20,6,0,18,20,6,14
2064,18,20,7,1,18,20,7,16
2065,19,1,1,1,19,1,1,10
2066,19,1,2,0,19,1,2,6
2067,19,1,3,0,19,1,3,10
2068,19,1,4,0,19,1,4,6
2069,19,1,5,0,19,1,5,8
2070,19,1,6,0,19,1,6,6
2071,19,1,7,0,19,1,7,8
2072,19,2,1,0,19,2,1,87
2073,19,2,2,1,19,2,2,98
2074,19,2,3,3,19,2,3,85
2075,19,2,4,3,19,2,4,102
2076,19,2,5,1,19,2,5,69
2077,19,2,6,3,19,2,6,78
2078,19,2,7,0,19,2,7,91
2079,19,3,1,3,19,3,1,73
2080,19,3,2,1,19,3,2,60
2081,19,3,3,1,19,3,3,60
2082,19,3,4,1,19,3,4,70
2083,19,3,5,2,19,3,5,77
2084,19,3,6,3,19,3,6,70
2085,19,3,7,1,19,3,7,72
2086,19,4,1,4,19,4,1,85
2087,19,4,2,5,19,4,2,92
2088,19,4,3,1,19,4,3,85
2089,19,4,4,1,19,4,4,103
2090,19,4,5,0,19,4,5,76
2091,19,4,6,1,19,4,6,92
2092,19,4,7,1,19,4,7,84
2093,19,5,1,3,19,5,1,120
2094,19,5,2,4,19,5,2,131
2095,19,5,3,6,19,5,3,134
2096,19,5,4,2,19,5,4,153
2097,19,5,5,3,19,5,5,130
2098,19,5,6,1,19,5,6,115
2099,19,5,7,6,19,5,7,147
2100,19,6,1,4,19,6,1,168
2101,19,6,2,1,19,6,2,172
2102,19,6,3,5,19,6,3,166
2103,19,6,4,8,19,6,4,181
2104,19,6,5,0,19,6,5,157
2105,19,6,6,2,19,6,6,154
2106,19,6,7,3,19,6,7,160
2107,19,7,1,0,19,7,1,30
2108,19,7,2,2,19,7,2,37
2109,19,7,3,1,19,7,3,29
2110,19,7,4,0,19,7,4,34
2111,19,7,5,0,19,7,5,34
2112,19,7,6,1,19,7,6,39
2113,19,7,7,1,19,7,7,39
2114,19,8,1,3,19,8,1,127
2115,19,8,2,4,19,8,2,113
2116,19,8,3,5,19,8,3,129
2117,19,8,4,2,19,8,4,118
2118,19,8,5,6,19,8,5,133
2119,19,8,6,0,19,8,6,115
2120,19,8,7,2,19,8,7,117
2121,19,9,1,7,19,9,1,370
2122,19,9,2,5,19,9,2,351
2123,19,9,3,8,19,9,3,360
2124,19,9,4,1,19,9,4,369
2125,19,9,5,13,19,9,5,381
2126,19,9,6,9,19,9,6,336
2127,19,9,7,10,19,9,7,384
2128,19,10,1,2,19,10,1,47
2129,19,10,2,0,19,10,2,36
2130,19,10,3,2,19,10,3,37
2131,19,10,4,1,19,10,4,39
2132,19,10,5,0,19,10,5,44
2133,19,10,6,2,19,10,6,60
2134,19,10,7,1,19,10,7,49
2135,19,11,1,5,19,11,1,305
2136,19,11,2,5,19,11,2,300
2137,19,11,3,7,19,11,3,319
2138,19,11,4,11,19,11,4,323
2139,19,11,5,9,19,11,5,315
2140,19,11,6,9,19,11,6,333
2141,19,11,7,11,19,11,7,306
2142,19,12,1,1,19,12,1,130
2143,19,12,2,1,19,12,2,121
2144,19,12,3,1,19,12,3,144
2145,19,12,4,1,19,12,4,123
2146,19,12,5,4,19,12,5,133
2147,19,12,6,2,19,12,6,118
2148,19,12,7,3,19,12,7,114
2149,19,13,1,2,19,13,1,130
2150,19,13,2,2,19,13,2,133
2151,19,13,3,2,19,13,3,101
2152,19,13,4,1,19,13,4,102
2153,19,13,5,5,19,13,5,108
2154,19,13,6,1,19,13,6,116
2155,19,13,7,2,19,13,7,118
2156,19,14,1,10,19,14,1,320
2157,19,14,2,7,19,14,2,300
2158,19,14,3,7,19,14,3,335
2159,19,14,4,6,19,14,4,308
2160,19,14,5,5,19,14,5,339
2161,19,14,6,7,19,14,6,344
2162,19,14,7,12,19,14,7,299
2163,19,15,1,14,19,15,1,340
2164,19,15,2,4,19,15,2,354
2165,19,15,3,6,19,15,3,348
2166,19,15,4,8,19,15,4,357
2167,19,15,5,9,19,15,5,366
2168,19,15,6,8,19,15,6,320
2169,19,15,7,7,19,15,7,335
2170,19,16,1,5,19,16,1,332
2171,19,16,2,6,19,16,2,333
2172,19,16,3,9,19,16,3,296
2173,19,16,4,12,19,16,4,303
2174,19,16,5,10,19,16,5,315
2175,19,16,6,11,19,16,6,337
2176,19,16,7,4,19,16,7,321
2177,19,17,1,2,19,17,1,97
2178,19,17,2,3,19,17,2,105
2179,19,17,3,2,19,17,3,98
2180,19,17,4,1,19,17,4,127
2181,19,17,5,4,19,17,5,100
2182,19,17,6,3,19,17,6,101
2183,19,17,7,4,19,17,7,102
2184,19,18,1,2,19,18,1,38
2185,19,18,2,1,19,18,2,37
2186,19,18,3,0,19,18,3,42
2187,19,18,4,0,19,18,4,48
2188,19,18,5,0,19,18,5,41
2189,19,18,6,0,19,18,6,41
2190,19,18,7,0,19,18,7,39
2191,19,19,1,1,19,19,1,19
2192,19,19,2,0,19,19,2,18
2193,19,19,3,0,19,19,3,20
2194,19,19,4,1,19,19,4,16
2195,19,19,5,0,19,19,5,10
2196,19,19,6,1,19,19,6,23
2197,19,19,7,1,19,19,7,10
2198,19,20,1,0,19,20,1,14
2199,19,20,2,0,19,20,2,14
2200,19,20,3,1,19,20,3,10
2201,19,20,4,0,19,20,4,13
2202,19,20,5,1,19,20,5,21
2203,19,20,6,0,19,20,6,10
2204,19,20,7,0,19,20,7,16
2205,20,2,1,0,20,2,1,13
2206,20,2,2,0,20,2,2,11
2207,20,2,3,0,20,2,3,13
2208,20,2,4,0,20,2,4,11
2209,20,2,5,0,20,2,5,9
2210,20,2,6,2,20,2,6,18
2211,20,2,7,2,20,2,7,17
2212,20,3,1,1,20,3,1,114
2213,20,3,2,1,20,3,2,144
2214,20,3,3,2,20,3,3,117
2215,20,3,4,2,20,3,4,122
2216,20,3,5,1,20,3,5,127
2217,20,3,6,1,20,3,6,124
2218,20,3,7,4,20,3,7,127
2219,20,4,1,4,20,4,1,90
2220,20,4,2,0,20,4,2,73
2221,20,4,3,4,20,4,3,86
2222,20,4,4,1,20,4,4,90
2223,20,4,5,2,20,4,5,92
2224,20,4,6,4,20,4,6,80
2225,20,4,7,0,20,4,7,78
2226,20,5,1,3,20,5,1,135
2227,20,5,2,2,20,5,2,170
2228,20,5,3,4,20,5,3,177
2229,20,5,4,4,20,5,4,151
2230,20,5,5,4,20,5,5,175
2231,20,5,6,3,20,5,6,171
2232,20,5,7,1,20,5,7,152
2233,20,6,1,1,20,6,1,71
2234,20,6,2,1,20,6,2,57
2235,20,6,3,0,20,6,3,59
2236,20,6,4,2,20,6,4,59
2237,20,6,5,1,20,6,5,60
2238,20,6,6,1,20,6,6,54
2239,20,6,7,1,20,6,7,74
2240,20,7,1,1,20,7,1,99
2241,20,7,2,1,20,7,2,101
2242,20,7,3,0,20,7,3,96
2243,20,7,4,0,20,7,4,96
2244,20,7,5,2,20,7,5,121
2245,20,7,6,1,20,7,6,109
2246,20,7,7,2,20,7,7,105
2247,20,8,1,0,20,8,1,11
2248,20,8,2,1,20,8,2,11
2249,20,8,3,0,20,8,3,5
2250,20,8,4,1,20,8,4,11
2251,20,8,5,0,20,8,5,11
2252,20,8,6,0,20,8,6,8
2253,20,8,7,0,20,8,7,18
2254,20,9,1,4,20,9,1,102
2255,20,9,2,4,20,9,2,112
2256,20,9,3,3,20,9,3,109
2257,20,9,4,5,20,9,4,106
2258,20,9,5,6,20,9,5,102
2259,20,9,6,3,20,9,6,108
2260,20,9,7,0,20,9,7,96
2261,20,10,1,12,20,10,1,518
2262,20,10,2,10,20,10,2,521
2263,20,10,3,11,20,10,3,515
2264,20,10,4,12,20,10,4,524
2265,20,10,5,12,20,10,5,559
2266,20,10,6,9,20,10,6,525
2267,20,10,7,15,20,10,7,502
2268,20,11,1,7,20,11,1,277
2269,20,11,2,8,20,11,2,286
2270,20,11,3,7,20,11,3,291
2271,20,11,4,14,20,11,4,292
2272,20,11,5,8,20,11,5,245
2273,20,11,6,5,20,11,6,277
2274,20,11,7,8,20,11,7,291
2275,20,12,1,6,20,12,1,259
2276,20,12,2,3,20,12,2,249
2277,20,12,3,3,20,12,3,243
2278,20,12,4,2,20,12,4,218
2279,20,12,5,3,20,12,5,235
2280,20,12,6,8,20,12,6,219
2281,20,12,7,7,20,12,7,235
2282,20,13,1,2,20,13,1,103
2283,20,13,2,3,20,13,2,127
2284,20,13,3,3,20,13,3,135
2285,20,13,4,1,20,13,4,102
2286,20,13,5,5,20,13,5,125
2287,20,13,6,2,20,13,6,105
2288,20,13,7,4,20,13,7,126
2289,20,14,1,5,20,14,1,96
2290,20,14,2,3,20,14,2,100
2291,20,14,3,1,20,14,3,100
2292,20,14,4,0,20,14,4,90
2293,20,14,5,2,20,14,5,74
2294,20,14,6,3,20,14,6,97
2295,20,14,7,3,20,14,7,88
2296,20,15,1,1,20,15,1,50
2297,20,15,2,1,20,15,2,42
2298,20,15,3,0,20,15,3,53
2299,20,15,4,0,20,15,4,64
2300,20,15,5,0,20,15,5,51
2301,20,15,6,2,20,15,6,53
2302,20,15,7,0,20,15,7,59
2303,20,16,1,2,20,16,1,50
2304,20,16,2,0,20,16,2,50
2305,20,16,3,0,20,16,3,47
2306,20,16,4,2,20,16,4,59
2307,20,16,5,1,20,16,5,50
2308,20,16,6,1,20,16,6,48
2309,20,16,7,0,20,16,7,53
2310,20,17,1,10,20,17,1,220
2311,20,17,2,4,20,17,2,201
2312,20,17,3,4,20,17,3,242
2313,20,17,4,4,20,17,4,194
2314,20,17,5,8,20,17,5,235
2315,20,17,6,3,20,17,6,232
2316,20,17,7,2,20,17,7,234
2317,20,18,1,3,20,18,1,77
2318,20,18,2,0,20,18,2,76
2319,20,18,3,2,20,18,3,53
2320,20,18,4,1,20,18,4,71
2321,20,18,5,0,20,18,5,82
2322,20,18,6,3,20,18,6,80
2323,20,18,7,1,20,18,7,77
2324,20,19,1,0,20,19,1,9
2325,20,19,2,1,20,19,2,8
2326,20,19,3,1,20,19,3,11
2327,20,19,4,1,20,19,4,8
2328,20,19,5,0,20,19,5,9
2329,20,19,6,1,20,19,6,8
2330,20,19,7,0,20,19,7,13
2331,20,20,4,0,20,20,4,1
